ring,vertex,east_km,north_km
0,0,2.2378166291688135,13.943657577782746
0,1,2.292621216207624,13.907140639621833
0,2,2.302403695495202,13.757704685040402
0,3,2.484696000262108,13.62974044842784
0,4,2.4789092149523926,13.536151611840562
0,5,2.56484505201304,13.387938603638599
0,6,2.616692364959167,12.99608822914068
0,7,2.475321864335703,12.862923506510375
0,8,2.346048792613394,12.617756906124367
0,9,2.1510418501867403,12.539824750192574
0,10,2.146414076246613,12.464953621768087
0,11,2.0465982773782456,12.388551072054188
0,12,2.0327165879852083,12.1639376523506
0,13,2.157879121831764,12.035056940115755
0,14,2.2709450535798905,12.018175751247536
0,15,2.412189804392768,11.534266358841357
0,16,2.5575375064276797,11.424405246318683
0,17,2.8372951168160676,11.335397717922868
0,18,2.871894226682423,11.279854758476977
0,19,2.8389640183131477,11.054935870176381
0,20,2.767450989066939,11.128586004004632
0,21,2.7581891995720964,10.9788435440431
0,22,2.6168352538633814,10.845681039407667
0,23,2.540692476790817,10.844458886488935
0,24,2.320885452014689,10.672635684900845
0,25,2.1709159042322703,10.707623720221692
0,26,2.2902786134358437,10.485151698151999
0,27,2.3819829240469352,10.430527325434074
0,28,2.464427722844574,10.226159803469887
0,29,2.4516969245219866,10.020263781790035
0,30,2.5433977464405206,9.965638165428928
0,31,2.555487479806534,9.853636719279685
0,32,2.6541324352347595,9.911317316414337
0,33,2.864670092699525,9.933392689325652
0,34,3.046403977924401,10.10459802346828
0,35,3.3319262593830397,10.109168540989055
0,36,3.7448984000327736,10.022272999603969
0,37,3.8447086177747907,10.098663950507106
0,38,4.036216828372945,10.1204192488648
0,39,4.140667113457817,10.271679695759909
0,40,4.3119833530937,10.274410273351416
0,41,4.512090662398232,10.128002359539343
0,42,4.60842565362508,10.148235000165855
0,43,4.700120276838835,10.093595715250878
0,44,4.871434997889339,10.096319764400448
0,45,5.205939373183426,9.970737155403585
0,46,5.192708419976273,10.06402418615759
0,47,5.3651842586920075,10.085460416050365
0,48,5.48752244085543,10.218296425964352
0,49,5.663484805541454,10.295882894626153
0,50,5.808347556522983,10.485171625688693
0,51,6.037936415594873,10.507504579295322
0,52,6.160727779078246,10.341151313082813
0,53,6.486655130512425,10.383699567522429
0,54,6.577182610844143,10.310330606251494
0,55,6.898459346866754,10.27799848629084
0,56,6.864306307473984,10.034366580765758
0,57,6.995225998612653,9.999030497373127
0,58,7.028643772164051,9.924758800085494
0,59,7.29513375453427,9.92895376304714
0,60,7.381000533093747,9.780708066848675
0,61,7.645160715333867,9.747460908533618
0,62,7.695281577224851,9.636050752850426
0,63,7.752385637051436,9.63694746145177
0,64,7.878643532261411,9.52673184106199
0,65,8.281863855375121,9.589152711665411
0,66,8.330814773539233,9.45902221614961
0,67,8.659062543737585,9.538958134549626
0,68,8.94458266161903,9.543421025826765
0,69,9.005183470783782,9.60046650699984
0,70,9.034708705564084,9.769224417114037
0,71,9.13454661814017,9.84558175156755
0,72,9.1392095848916,9.920453139821253
0,73,9.274787804224099,9.959968137860681
0,74,9.31635621311259,10.016715544924391
0,75,9.674528660383832,9.966198953294688
0,76,9.73550534286678,9.724052536405214
0,77,9.710638009128976,9.630166913689147
0,78,9.808514973020477,9.369894797072345
0,79,9.800348902801508,9.23886979777251
0,80,9.855118791482484,9.202322673380923
0,81,9.848118945748286,9.090015516002815
0,82,10.036127372873581,9.055540197801651
0,83,10.179064428019725,8.908163881912653
0,84,10.313469761632971,8.92895123809192
0,85,10.419502571705422,8.799699095214072
0,86,10.404683093191306,8.257176270678356
0,87,10.588009811399557,8.147821691325108
0,88,10.648962667663406,7.905669671562093
0,89,10.795385831668632,7.814439893441712
0,90,10.844308620264055,7.684299178036343
0,91,11.051330168340673,7.650104574754322
0,92,11.082386009522669,7.538386254090152
0,93,11.299089786512825,7.354739286261762
0,94,11.451347026548234,7.357091959055486
0,95,11.688244749443102,7.192450747168682
0,96,11.802436661061316,7.194212356252819
0,97,11.829978446520949,7.026338330911572
0,98,11.958523807297919,6.953520527091967
0,99,11.91259940807954,6.522715534040382
0,100,11.7580122018443,6.482932268674043
0,101,11.348177439393078,6.009109209950546
0,102,11.296094962484423,5.78390620111184
0,103,11.235499367795434,5.726870173293985
0,104,11.242845458218351,5.53998513745591
0,105,11.099952488621875,5.68737483161084
0,106,10.988108615289025,5.723044423035155
0,107,10.957056701425431,5.834762962896193
0,108,10.844043541104039,5.851713479932501
0,109,10.79196915245275,5.626509192529469
0,110,10.685142687621626,5.437856292972749
0,111,10.67848295019068,5.026356818020042
0,112,10.600031282361275,4.987741646666699
0,113,10.595360952865382,4.91286994413886
0,114,10.956911904688182,4.918468286561483
0,115,11.102134812979324,4.808515315795847
0,116,11.104808504780564,4.546758506879455
0,117,11.176249527127489,4.473063396199862
0,118,11.250360473622713,4.137610778417124
0,119,10.967275951915148,4.170634148102946
0,120,10.86863184763347,4.113008292152733
0,121,10.797191233082705,4.186701979273148
0,122,10.721078951665737,4.185523527571399
0,123,10.407291386568229,4.0310623572739805
0,124,9.87101277599479,3.9666377925117637
0,125,9.924595670273893,3.911371025658713
0,126,9.936622754486775,3.7993590113799027
0,127,10.067481452992899,3.7639919060370137
0,128,10.061646875924323,3.6704021853548614
0,129,10.022425323758625,3.6510932808889254
0,130,10.030950722522118,3.4829272548423384
0,131,10.299664846354435,3.524497503256274
0,132,10.41149329640478,3.488832028144816
0,133,10.407991251253934,3.432678182478884
0,134,10.308186983599409,3.3563310947996277
0,135,10.05850270537851,3.315056624144993
0,136,9.919480801006342,3.2193982612352667
0,137,9.688826944089643,3.1784134281085765
0,138,9.648440785193207,3.14038569838655
0,139,9.629778652601804,2.8408984221611004
0,140,9.416991698220528,2.7814877944181027
0,141,9.330393063968083,2.611841168140875
0,142,9.1793514925245,2.6281879802144736
0,143,9.17585407539495,2.5720341002104816
0,144,9.250791657467747,2.5545019057025056
0,145,9.300873431894326,2.4430832066639834
0,146,9.43521961864953,2.463874826200792
0,147,9.445714834898606,2.632336477750066
0,148,9.500460329037868,2.5957889068059328
0,149,9.488798298291943,2.408609285927732
0,150,9.628976385846865,2.5229890341863936
0,151,9.611480976460792,2.242219571919555
0,152,9.653031162929361,2.2989652443057507
0,153,9.708941402927724,2.281134760150951
0,154,9.700776134523734,2.1501089920230023
0,155,9.773378022143923,2.0951380576621745
0,156,9.874696422568409,1.8910141149346316
0,157,9.860696363809874,1.666398428142066
0,158,9.80362201324166,1.6655116713254112
0,159,9.753546829079525,1.7769325455707876
0,160,9.676280749944157,1.7570316029704005
0,161,9.740354455781933,1.8702267044800176
0,162,9.651061300870252,1.9623376694341013
0,163,9.613011023881135,1.9617459437954283
0,164,9.604846592920639,1.8307201421501405
0,165,9.524081757110338,1.754664510256053
0,166,9.538441574321501,1.6800885838264032
0,167,9.444483884133945,1.697326464170145
0,168,9.447982315554437,1.753480386253958
0,169,9.548937966474778,1.8485503461847321
0,170,9.578459676341073,2.017308032383116
0,171,9.485666071668605,2.053263994542477
0,172,9.426258124486456,2.014939781189684
0,173,9.391705977663404,2.070501384743822
0,174,9.510522412281354,2.1471498796919533
0,175,9.634368916318257,1.999477759441061
0,176,9.673585720539837,2.0187874070610428
0,177,9.620009163315926,2.0740537625510176
0,178,9.644866384984178,2.167939478747767
0,179,9.514021089492866,2.203303781232576
0,180,9.503159121688185,2.334033497507763
0,181,9.427056752654414,2.332849081104949
0,182,9.401034622520237,2.2202451242599732
0,183,9.434420987394521,2.1459655607227344
0,184,9.338128249354526,2.125766652884337
0,185,9.296579747523587,2.0690202042705588
0,186,9.258529271489127,2.068427563579411
0,187,9.283384185765165,2.162313734417876
0,188,9.378511000235374,2.1637950360012974
0,189,9.323766880956788,2.2003422607607726
0,190,9.327264856059555,2.256496158841465
0,191,9.392503801433406,2.38841062076329
0,192,9.273686197078067,2.311761128221663
0,193,9.269022502000572,2.236889267352626
0,194,9.218941283851445,2.348307913965372
0,195,9.176226885934035,2.2728431736660473
0,196,9.11915043697063,2.2719536699616114
0,197,9.1440047201706,2.3658400166718776
0,198,9.072565020758148,2.4395256217860806
0,199,9.185553368376233,2.4225868849668863
0,200,9.190216643800332,2.4974587337198715
0,201,8.923856054297268,2.493305857255456
0,202,8.864448013428557,2.454979418534292
0,203,8.817073763995321,2.3046419192845855
0,204,8.779022787532888,2.304048025947509
0,205,8.810866999239856,2.5102425693000194
0,206,8.867944260803235,2.5111333021268707
0,207,8.890466350923502,2.567584046029789
0,208,8.98559553509504,2.569067999344641
0,209,8.896293598823442,2.6611738421442497
0,210,8.758450869332053,2.584223459718081
0,211,8.730103023024324,2.4341827440889654
0,212,8.588768042984022,2.301077114830054
0,213,8.5413969993626,2.150738927817452
0,214,8.383370854100036,2.0547702527262897
0,215,8.158955534129923,1.8081632415903919
0,216,8.101109929164716,1.489362231344332
0,217,7.907373531953803,1.430229470332349
0,218,7.705491018120276,1.240068466797968
0,219,7.76994662288349,1.054081458206304
0,220,7.689195646332889,0.9780167523831905
0,221,7.8499316253329585,0.8122381184562107
0,222,7.915547530889967,0.6449681571109742
0,223,7.938458645867633,0.4022301077810156
0,224,8.026587394877094,0.29141125907585486
0,225,7.99824981451489,0.14136953307699582
0,226,8.069682799190357,0.06768849326517538
0,227,8.021158308580759,-0.10136891107100844
0,228,8.115105672889788,-0.11859853348283513
0,229,8.047558997395598,-0.2879534945098187
0,230,8.031257574058992,-0.5500055514549633
0,231,8.215652597851781,-0.6406199261295897
0,232,8.28242183565321,-0.7891744096452483
0,233,8.206723531503673,-1.0895547662163392
0,234,8.127145518080143,-1.146898686270823
0,235,8.256798944631761,-1.2009707074482732
0,236,8.272325892927459,-1.2568274226684324
0,237,8.193913033970654,-1.295452946672111
0,238,8.207110889488169,-1.38874563221553
0,239,8.082506352983687,-1.5589926243286187
0,240,7.808070472583696,-1.6941866898088696
0,241,7.643104991978713,-1.9024687321763032
0,242,7.730057187730129,-2.0320048844991425
0,243,7.700561524277355,-2.20076510725348
0,244,7.3143510246791035,-2.300319475779506
0,245,7.031384885926454,-2.2673628816097082
0,246,6.831886657677707,-2.420096437258806
0,247,6.7880338820902155,-2.514284746818041
0,248,6.846666949561673,-2.7938590674758252
0,249,6.762451991495744,-2.926081531875204
0,250,6.184920643117181,-3.047373493004767
0,251,6.1767861417084315,-3.17839977021778
0,252,6.097227111426669,-3.2357533534836396
0,253,6.016934859606198,-3.6110140766982877
0,254,6.2808587967995795,-3.644252752606141
0,255,6.1982392202733285,-4.056948925778211
0,256,6.121008528114187,-4.076866044102616
0,257,6.074840607297179,-4.208492105197786
0,258,5.998772732302133,-4.209691743466548
0,259,5.84082882015631,-4.30568245154711
0,260,5.710466913703102,-4.569536592849609
0,261,5.609577705265666,-4.664628656384392
0,262,5.514495985478847,-4.666131015895757
0,263,5.443075263087974,-4.59246109582888
0,264,5.373254157177465,-4.799261755825835
0,265,5.296028580029686,-4.819182807320879
0,266,5.2723686730679615,-4.894355865337848
0,267,5.176127752277407,-4.914578323139012
0,268,5.346110717719697,-4.93058890910334
0,269,5.416369046862587,-5.02297653534967
0,270,5.402435656892718,-5.247593345493229
0,271,5.239862787136145,-5.418461746485418
0,272,4.924725545321747,-5.292552617435725
0,273,4.620478056458622,-5.297375291954599
0,274,4.367478316606078,-5.394888567946643
0,275,4.259184942044976,-5.30311019523446
0,276,4.024043905963233,-5.419045089757826
0,277,3.93754941307543,-5.588717288329174
0,278,3.822300251848789,-5.609250471987898
0,279,3.5820587880252432,-5.500877793650552
0,280,3.5699966000534107,-5.388872328009852
0,281,3.440366048732622,-5.33483922860075
0,282,3.3367011046474735,-5.16819570480172
0,283,3.106199037434058,-5.209272442119122
0,284,3.067010042915586,-5.2285976055394086
0,285,3.098091391029576,-5.3402988514929035
0,286,3.0686523483211863,-5.509064937270256
0,287,3.1245391581923543,-5.526872453343992
0,288,3.148187328087074,-5.451696738087795
0,289,3.2409460462855892,-5.487615883678527
0,290,3.193649063529342,-5.6379671099661
0,291,3.136604458697351,-5.638877366251153
0,292,3.153784512097397,-5.975195709150636
0,293,2.780932078801496,-6.168145421795496
0,294,2.5907905974439673,-6.171185217339641
0,295,1.9034634358143225,-5.920400426999204
0,296,1.5813756425439174,-5.906870635253537
0,297,1.4540560366247512,-5.815418708071118
0,298,1.2829259361539262,-5.8181697613323395
0,299,1.2356497387427323,-5.968525824177858
0,300,1.2551831133477762,-6.267403181553322
0,301,0.8783724726487788,-6.21736935181866
0,302,0.7418093511030492,-6.275667919077743
0,303,0.6548265882947791,-6.14617394111171
0,304,0.48485597160645544,-6.130215769954649
0,305,0.30049011076375215,-6.039694321061056
0,306,0.3500661969885826,-5.851899849751951
0,307,0.23713507549371815,-5.8350239659620655
0,308,0.13629084159978092,-5.930150009408355
0,309,0.06023412919105425,-5.931379076921503
0,310,0.02566897376826447,-5.875839608859074
0,311,0.03836742458864368,-5.669941095694434
0,312,-0.10913160767085683,-5.597528606282689
0,313,-0.26124814412988673,-5.599989830354938
0,314,-0.5314682723286176,-5.361274267747544
0,315,-0.6467107644378092,-5.381841398321747
0,316,-0.6778192798722951,-5.270149746896427
0,317,-0.8287853143395396,-5.253898906945207
0,318,-0.896772383692288,-5.124106862950719
0,319,-1.0598368870779942,-4.995858969341425
0,320,-1.1958187311887334,-4.73627787687444
0,321,-1.5098629880672754,-4.5917902484904936
0,322,-1.9103440715825508,-4.61701120698432
0,323,-1.9696947238494211,-4.655377090727143
0,324,-2.405900799402435,-4.6437951391483
0,325,-2.542463040846894,-4.702123533575648
0,326,-2.8288453092612964,-4.725504846444398
0,327,-3.139451857425377,-4.524898405018804
0,328,-3.6194406328265805,-4.6075648109663625
0,329,-3.6955024196284727,-4.608813305666345
0,330,-3.711068707566383,-4.552971494812559
0,331,-3.803847026349611,-4.517096782289655
0,332,-4.2244866036434185,-4.561409537484765
0,333,-4.327089809110664,-4.376107126336868
0,334,-4.532815937039251,-4.323397504349978
0,335,-4.612962926706769,-4.081630283740498
0,336,-4.684432958592539,-4.008012058022556
0,337,-4.66082276659093,-3.9328266763913153
0,338,-4.83082007371142,-3.916930720523693
0,339,-4.91901181221113,-3.8061914956976124
0,340,-5.16507590997767,-3.791554785781695
0,341,-5.257366230490385,-3.4377984065700073
0,342,-5.56917686871424,-3.255964456662356
0,343,-5.746727528693802,-3.053214698885301
0,344,-5.723121595578983,-2.9780279906240836
0,345,-5.788866804620093,-2.8108261112845425
0,346,-5.780837035947293,-2.679800456807089
0,347,-5.9542896058163866,-2.7200721006825797
0,348,-6.014782816116373,-2.7771716259408175
0,349,-6.1669227683294014,-2.7796944917849897
0,350,-6.276441659786357,-2.7067158676621146
0,351,-6.353658296530831,-2.7266964006222763
0,352,-6.653819415969769,-2.9747677889226853
0,353,-6.691853779921225,-2.975399942132859
0,354,-6.6872698577616045,-2.9005281659951367
0,355,-7.0417244176341285,-2.794230793450688
0,356,-7.076322674138082,-2.7387101472946
0,357,-7.0233956424006525,-2.494743818146734
0,358,-7.055703569627154,-2.401787326534523
0,359,-7.313937111825916,-2.275196737568534
0,360,-7.475939110108607,-2.1283068535615115
0,361,-7.609066197557347,-2.1305276080787183
0,362,-7.568295764278164,-1.7745698124609566
0,363,-7.648506887951023,-1.5328237995333507
0,364,-7.547687928619945,-1.437647347598839
0,365,-7.542664480252871,-1.0448885821047733
0,366,-7.65678159489594,-1.046793095131965
0,367,-7.660478993832056,-0.48589109824503174
0,368,-7.518178103509422,-0.33392569215014667
0,369,-7.402910428143456,-0.3133039557076775
0,370,-7.300936966837851,-0.19941069857905483
0,371,-6.92052401625825,-0.1930731934023837
0,372,-6.801816707559062,-0.11630221159186624
0,373,-6.574713233496144,-0.13122394860946207
0,374,-6.514212353906018,-0.07412173768697983
0,375,-6.426666155236626,0.11432162145037382
0,376,-6.453927723504765,0.6000387310681307
0,377,-6.134673619908874,0.8484261168960768
0,378,-6.1410828952025085,1.0540071819815091
0,379,-6.064993531350727,1.0552700218575461
0,380,-6.144052691458462,1.3157418465631847
0,381,-6.29508752029131,1.3319326830321712
0,382,-6.412662355495546,1.2738827341431842
0,383,-6.740861432231721,1.8106905102945068
0,384,-6.69250169933317,1.9797844770490498
0,385,-6.78418148727625,2.034355096249089
0,386,-6.936369465454352,2.0318210583534095
0,387,-6.949664963351928,2.125093527595213
0,388,-7.041346502205815,2.179662439753902
0,389,-7.036764551342158,2.2545338935712014
0,390,-7.114004959460016,2.2345478477716303
0,391,-7.146325658776776,2.3275029186110205
0,392,-7.222420994371996,2.3262341542972185
0,393,-7.269630280258504,2.175856743652871
0,394,-7.326701168759398,2.174904778193045
0,395,-7.34114436802245,2.2494588491890286
0,396,-7.397070474808128,2.267224451489009
0,397,-7.618923873565727,2.0578345500477333
0,398,-7.722053544224789,1.9252206452376692
0,399,-7.732355209592619,1.7567598914176108
0,400,-7.772690457833547,1.7186884488582879
0,401,-7.717910738206812,1.6822062601400805
0,402,-7.7213446613826875,1.6260526669337974
0,403,-7.77955787890121,1.6063812669738478
0,404,-7.968641984193555,1.6219191153817103
0,405,-8.039012197456833,1.7142357383554823
0,406,-8.209074745119356,1.7300886494459051
0,407,-8.2425447437455,1.8043231567540539
0,408,-8.391297722300637,1.8579280704673002
0,409,-8.63745441442873,1.872501074547528
0,410,-8.62944996500303,2.0035260230496483
0,411,-8.798372682489513,2.0380898094979973
0,412,-8.832989540754525,2.093604879064453
0,413,-8.814697530970918,2.3930903675252337
0,414,-9.033838375690571,2.5390001918088303
0,415,-8.9573345501497,2.858161928170576
0,416,-9.125124663571807,2.9114390889543547
0,417,-9.193222668295842,3.0411848862369015
0,418,-9.551261065569486,3.091257828236747
0,419,-9.708776379321248,3.312988358733518
0,420,-9.859832798249665,3.3291415923534515
0,421,-9.913481604782547,3.3843329168466325
0,422,-9.92337166088705,3.533754656753242
0,423,-10.105630785346836,3.6615704256258867
0,424,-10.089647896062523,3.923619691628349
0,425,-10.30768188967828,4.088225985239723
0,426,-10.268874690597054,4.724630955877075
0,427,-10.150149234608715,4.801429555861763
0,428,-10.080511311359283,5.008288625998096
0,429,-9.873498920420284,4.974383679713111
0,430,-9.77608037899198,5.013423128596889
0,431,-9.528337313715394,5.335472405049768
0,432,-9.641359418010808,5.352267188381127
0,433,-9.727359787670094,5.500406301042713
0,434,-9.62079983188165,5.68918731417638
0,435,-9.326637539907868,5.525853380505958
0,436,-9.288582227834087,5.526493711563286
0,437,-9.285154335282813,5.582647076689171
0,438,-9.1508173618862,5.603605270317369
0,439,-9.145103341547621,5.697194213274499
0,440,-8.901169892263903,5.645198474726613
0,441,-8.75196881187218,5.909484586673345
0,442,-8.32190941982029,6.103685572976229
0,443,-8.138068203974127,6.312451009030907
0,444,-8.045212620938093,6.276608885905538
0,445,-7.891838183541961,6.297874958721858
0,446,-7.8457696155097985,6.429536337309975
0,447,-7.528001028218347,6.3413565366195455
0,448,-7.404232443513237,6.810890998201819
0,449,-7.286620041047066,6.8689511328122785
0,450,-7.2428349784627075,6.963175482990332
0,451,-7.103900203543817,7.058987567622364
0,452,-6.834045057273842,7.11958367286442
0,453,-6.69281428417062,7.252827817612328
0,454,-6.578633422431635,7.254729395164278
0,455,-6.55731119524204,7.292481826261764
0,456,-6.4465684829616094,7.238229010456993
0,457,-6.158822959078168,7.280412215043385
0,458,-6.049228257615292,7.207438547586122
0,459,-5.935047319763622,7.209335201788751
0,460,-5.811011979406068,7.061804446817077
0,461,-5.717009096078857,7.04466567258378
0,462,-5.634478473066159,6.8403482193669545
0,463,-4.920531868622537,6.702581952150082
0,464,-4.7359771178794645,6.612138699230428
0,465,-4.685778901817963,6.500775048091672
0,466,-4.533543624351707,6.503289396225862
0,467,-4.35653471969115,6.59970531910898
0,468,-4.185268570334181,6.602530170870029
0,469,-4.037628676617473,6.5301681991971385
0,470,-3.9777335278589914,6.8864339884423655
0,471,-3.982972302571394,7.110734312380776
0,472,-4.055645744965928,7.165633371215604
0,473,-4.051049007758163,7.240504643715862
0,474,-3.9691809285983513,7.335348134543448
0,475,-3.9576879765058863,7.522526289803896
0,476,-3.8400549348100395,7.58056062972665
0,477,-3.8129777305717902,7.711898723225366
0,478,-3.7737661309107073,7.731243263272808
0,479,-3.814766751017993,7.992352479299159
0,480,-3.5547107516122685,8.202320725194623
0,481,-3.528780089463685,8.31494065633735
0,482,-3.287746561410043,8.524591740141215
0,483,-3.195514707126299,8.78789196304101
0,484,-3.2099462645954118,8.8624504578438
0,485,-3.2658937732571025,8.880229983606474
0,486,-3.3259230450140573,9.141027773243598
0,487,-3.4868702082982446,9.306670890960161
0,488,-3.654718964474812,9.3600052756642
0,489,-3.8739214416339265,9.505985871805535
0,490,-3.8670250825699912,9.61829257705366
0,491,-3.6427112991449984,9.865072137067115
0,492,-3.61447986284999,10.015127728513258
0,493,-3.4766424086269017,10.092191603450402
0,494,-3.487627451469486,10.222902874189185
0,495,-3.3336867136480626,10.562014597825343
0,496,-3.3031511061596004,10.749505336762365
0,497,-3.244896079085779,10.769162008949708
0,498,-3.2414455649339557,10.825315321786341
0,499,-2.701558060487173,10.946374571950525
0,500,-2.512356386290901,10.93077814703429
0,501,-2.4114239700580975,11.025926790019634
0,502,-2.1247411718755296,11.049320258091306
0,503,-1.9990111226430185,11.238366769961436
0,504,-1.9217164296382199,11.258329904105848
0,505,-1.8184739960249525,11.39091048051711
0,506,-1.6829182095140216,11.430523639482344
0,507,-1.1747094728922616,11.345323021462647
0,508,-1.0783768775039353,11.365592248097917
0,509,-1.0166570949415072,11.441393942990278
0,510,-0.773801028665947,11.370552822122088
0,511,-0.5822872955880548,11.392367821958949
0,512,-0.46114893456580536,11.506531686419708
0,513,-0.3925028349836574,11.69463775160362
0,514,-0.29501274699759417,11.733619935952891
0,515,-0.2857817202512984,11.883362159334492
0,516,-0.10868068000460823,11.979733460238128
0,517,-0.034257286417756945,12.261427120809415
0,518,0.026317206217574055,12.31850726508116
0,519,0.3511063612987092,12.34247295100607
0,520,0.7266784996848338,12.572943292608105
0,521,0.8218670272073735,12.574483177140545
0,522,0.9239879963259457,12.688329095882656
0,523,1.0762910110080424,12.690790692049303
0,524,1.118989361654416,12.766276940531801
0,525,1.2510995166848882,12.749711459145544
0,526,1.2949547992329464,12.843915045798992
0,527,1.3924573276272465,12.882886976672504
0,528,1.495200323257462,13.314624344551756
0,529,1.654448073308359,13.429387148231365
0,530,1.7814025862437408,13.6371236987109
0,531,2.0335391031079864,13.715980923759792
0,532,2.2378166291688135,13.943657577782746
1,0,9.592455486218405,2.24192364851386
1,1,9.591289160866296,2.2232056820849957
1,2,9.610314627274755,2.223501605463936
1,3,9.592455486218405,2.24192364851386
2,0,9.161491341394763,2.646609437775223
2,1,9.180517301085391,2.6469059396412473
2,2,9.181683111071072,2.6656238987800216
2,3,9.161491341394763,2.646609437775223
