service_id,distance_m,terrain_upper_envelope_m
S004,0.0,128.7255401611328
S004,26.760855189960886,130.80474853515625
S004,57.66967384296798,133.40194702148438
S004,88.57849249597508,133.6541290283203
S004,119.48731114898217,135.18157958984375
S004,127.02577642998646,140.734619140625
S004,150.39612980198928,142.61325073242188
S004,181.30494845499635,146.64341735839844
S004,212.21376710800345,148.6941375732422
S004,243.12258576101055,149.6065673828125
S004,274.03140441401763,154.50082397460938
S004,304.9402230670247,154.50082397460938
S004,335.84904172003183,153.51010131835938
S004,366.75786037303897,148.1344757080078
S004,397.66667902604604,136.24497985839844
S004,419.79284666093514,146.40965270996094
S004,428.57549767905317,146.40965270996094
S004,459.48431633206025,133.56430053710938
S004,490.39313498506726,128.43751525878906
S004,521.3019536380743,127.64614868164062
S004,552.2107722910814,131.9091339111328
S004,583.1195909440887,136.98744201660156
S004,614.0284095970958,141.8100128173828
S004,644.9372282501029,149.5489959716797
S004,675.8460469031099,160.66078186035156
S004,706.754865556117,169.00863647460938
S004,712.5599168918837,169.00863647460938
S004,737.6636842091241,161.8528594970703
S004,768.5725028621313,164.943359375
S004,799.4813215151383,170.0679931640625
S004,830.3901401681454,173.88925170898438
S004,861.2989588211525,181.23397827148438
S004,892.2077774741596,187.71932983398438
S004,923.1165961271666,187.71932983398438
S004,954.0254147801738,185.7139129638672
S004,984.9342334331809,178.59912109375
S004,1005.3269871228324,163.34619140625
S004,1015.8430520861881,161.64158630371094
S004,1046.751870739195,149.88731384277344
S004,1077.6606893922024,136.9499969482422
S004,1108.5695080452092,135.10562133789062
S004,1139.4783266982165,136.5840301513672
S004,1170.3871453512234,141.9512176513672
S004,1201.2959640042307,145.075927734375
S004,1232.2047826572375,145.075927734375
S004,1263.1136013102448,145.4068145751953
S004,1294.0224199632519,148.46156311035156
S004,1298.0940573537812,148.46156311035156
S004,1324.931238616259,153.87069702148438
S004,1355.840057269266,156.70394897460938
S004,1386.748875922273,156.70394897460938
S004,1417.6576945752802,149.07289123535156
S004,1448.5665132282872,145.0550994873047
S004,1479.4753318812943,145.7208709716797
S004,1510.3841505343016,147.84678649902344
S004,1541.2929691873085,147.84678649902344
S004,1572.2017878403158,155.91029357910156
S004,1590.8611275847297,155.91029357910156
S004,1603.1106064933226,157.22909545898438
S004,1634.01942514633,169.05638122558594
S004,1664.928243799337,183.481201171875
S004,1695.837062452344,190.4971466064453
S004,1726.7458811053511,198.35421752929688
S004,1757.6546997583582,210.0857391357422
S004,1788.5635184113653,217.3641357421875
S004,1819.4723370643724,220.85052490234375
S004,1850.3811557173794,221.84344482421875
S004,1881.2899743703867,227.9234161376953
S004,1883.6281978156785,227.9234161376953
S004,1912.1987930233938,231.8917236328125
S004,1943.1076116764011,231.8917236328125
S004,1974.0164303294077,230.84323120117188
S004,2004.925248982415,227.68887329101562
S004,2035.8340676354221,215.29103088378906
S004,2066.7428862884294,193.0621795654297
S004,2097.651704941436,166.18807983398438
S004,2128.5605235944436,149.47525024414062
S004,2159.4693422474506,152.89768981933594
S004,2176.395268046627,152.89768981933594
S004,2190.3781609004577,153.3573760986328
S004,2221.286979553465,155.78257751464844
S004,2252.195798206472,155.85409545898438
S004,2283.104616859479,170.99403381347656
S004,2314.013435512486,186.5896453857422
S004,2344.922254165493,191.6955108642578
S004,2375.8310728185,191.6955108642578
S004,2406.7398914715072,188.30691528320312
S004,2437.6487101245143,185.75611877441406
S004,2468.5575287775214,180.39598083496094
S004,2469.1623382775756,194.6613006591797
S004,2499.4663474305285,196.6715087890625
S004,2530.3751660835355,208.00201416015625
S004,2561.283984736543,208.95465087890625
S004,2592.1928033895497,208.95465087890625
S004,2623.1016220425568,190.79507446289062
S004,2654.0104406955643,173.6873779296875
S004,2684.9192593485714,172.0814971923828
S004,2715.828078001578,157.056396484375
S004,2746.736896654585,143.43020629882812
S004,2761.9294085085244,155.51866149902344
S004,2777.6457153075926,155.973388671875
S004,2808.5545339605997,155.973388671875
S004,2839.4633526136067,154.1881866455078
S004,2870.372171266614,153.82589721679688
S004,2901.280989919621,156.2194366455078
S004,2932.189808572628,163.52664184570312
S004,2963.098627225635,165.24435424804688
S004,2994.007445878642,165.24435424804688
S004,3024.916264531649,163.80648803710938
S004,3054.696478739473,165.89923095703125
S004,3055.8250831846563,165.89923095703125
S004,3086.733901837664,164.19252014160156
S004,3117.6427204906704,164.19252014160156
S004,3148.5515391436775,158.78688049316406
S004,3179.4603577966845,149.3049774169922
S004,3210.369176449692,145.80996704101562
S004,3241.2779951026987,156.27044677734375
S004,3272.1868137557058,162.89291381835938
S004,3303.0956324087133,168.65489196777344
S004,3334.0044510617204,178.29190063476562
S004,3347.463548970422,178.29190063476562
S004,3364.913269714727,186.71287536621094
S004,3395.822088367734,194.13021850585938
S004,3426.7309070207416,194.13021850585938
S004,3457.6397256737487,178.21229553222656
S004,3488.5485443267553,159.15647888183594
S004,3519.457362979763,155.0780792236328
S004,3550.36618163277,152.6243438720703
S004,3581.275000285777,152.5611114501953
S004,3612.183818938784,153.65542602539062
S004,3640.2306192013702,153.65542602539062
S004,3643.092637591791,154.3355712890625
S004,3674.001456244798,156.31532287597656
S004,3704.9102748978053,156.31532287597656
S004,3735.819093550813,151.287353515625
S004,3766.7279122038194,162.3950653076172
S004,3797.6367308568265,183.3037109375
S004,3828.545549509834,199.10415649414062
S004,3859.454368162841,207.93797302246094
S004,3890.363186815848,216.4515380859375
S004,3921.2720054688552,229.3142547607422
S004,3932.997689432319,229.3142547607422
S004,3952.180824121862,230.7282257080078
S004,3983.089642774869,242.52313232421875
S004,4013.998461427876,251.66712951660156
S004,4044.9072800808835,261.73699951171875
S004,4075.8160987338906,261.97412109375
S004,4106.724917386898,261.97412109375
S004,4137.633736039905,258.0741882324219
S004,4168.542554692912,249.6328887939453
S004,4199.451373345919,238.20452880859375
S004,4225.764759663268,248.972900390625
S004,4230.360191998926,248.972900390625
S004,4261.269010651933,243.23431396484375
S004,4292.17782930494,241.8838653564453
S004,4323.086647957947,231.58334350585938
S004,4353.995466610954,220.03909301757812
S004,4384.904285263961,239.4560089111328
S004,4415.813103916968,250.90737915039062
S004,4446.7219225699755,259.4090576171875
S004,4477.630741222983,268.830078125
S004,4508.53955987599,281.0758056640625
S004,4518.531829894216,282.9464416503906
S004,4539.448378528997,292.7298889160156
S004,4570.357197182004,292.7298889160156
S004,4601.266015835011,281.9906921386719
S004,4632.174834488019,262.96710205078125
S004,4663.083653141026,259.81787109375
S004,4693.992471794033,259.81787109375
S004,4724.901290447039,263.3919982910156
S004,4755.810109100046,273.4190673828125
S004,4786.718927753053,273.4190673828125
S004,4811.298900125165,269.24664306640625
S004,4817.62774640606,269.24664306640625
S004,4848.536565059068,256.74700927734375
S004,4879.445383712075,245.36541748046875
S004,4910.3542023650825,253.28311157226562
S004,4941.26302101809,253.28311157226562
S004,4972.171839671096,238.1753387451172
S004,5003.080658324103,232.8063201904297
S004,5033.98947697711,244.8858642578125
S004,5064.898295630118,248.09786987304688
S004,5095.807114283125,262.0197448730469
S004,5104.065970356114,262.0197448730469
S004,5126.715932936132,265.5665283203125
S004,5157.624751589139,273.5014343261719
S004,5188.533570242146,273.5014343261719
S004,5219.442388895152,272.1981201171875
S004,5250.351207548159,277.4698181152344
S004,5281.260026201167,277.4698181152344
S004,5312.1688448541745,275.8066711425781
S004,5343.077663507182,268.54296875
S004,5373.986482160189,273.0462951660156
S004,5396.833040587062,283.02777099609375
S004,5404.895300813196,285.51690673828125
S004,5435.804119466203,288.6454772949219
S004,5466.71293811921,288.7551574707031
S004,5497.621756772217,290.4381103515625
S004,5528.530575425224,294.0818176269531
S004,5559.439394078231,294.41876220703125
S004,5590.348212731238,309.4656982421875
S004,5621.257031384245,323.8739929199219
S004,5652.165850037252,323.8739929199219
S004,5683.074668690259,311.37042236328125
S004,5689.600110818011,309.6524963378906
S004,5713.983487343267,322.755615234375
S004,5744.8923059962735,333.22174072265625
S004,5775.801124649281,333.22174072265625
S004,5806.709943302288,330.5505676269531
S004,5837.618761955295,337.35302734375
S004,5868.527580608302,347.11456298828125
S004,5899.436399261309,348.2391662597656
S004,5930.345217914317,348.2391662597656
S004,5961.254036567324,336.5574951171875
S004,5982.3671810489595,333.7394714355469
S004,5992.16285522033,333.7394714355469
S004,6023.071673873337,328.5135803222656
S004,6053.980492526344,325.69146728515625
S004,6084.889311179351,322.7115173339844
S004,6115.798129832358,326.6756591796875
S004,6146.706948485366,326.6756591796875
S004,6177.6157671383735,318.6462097167969
S004,6208.524585791381,318.63104248046875
S004,6239.433404444387,316.51641845703125
S004,6270.342223097394,302.74163818359375
S004,6275.134251279908,296.2171630859375
S004,6301.251041750401,296.2171630859375
S004,6332.159860403408,284.0322265625
S004,6363.068679056416,269.6351623535156
S004,6393.977497709423,253.66372680664062
S004,6424.88631636243,245.2732391357422
S004,6455.795135015437,244.06739807128906
S004,6486.703953668444,229.5096435546875
S004,6517.61277232145,238.3279266357422
S004,6548.521590974458,247.68048095703125
S004,6567.901321510857,247.68048095703125
S004,6579.430409627465,240.2353515625
S004,6610.3392282804725,233.67185974121094
S004,6641.24804693348,246.828369140625
S004,6672.156865586487,246.828369140625
S004,6703.065684239494,239.76438903808594
S004,6733.974502892501,231.06822204589844
S004,6764.883321545508,216.8209686279297
S004,6795.792140198515,202.3566131591797
S004,6826.700958851522,211.33372497558594
S004,6857.609777504529,225.7750244140625
S004,6860.668391741805,230.7193145751953
S004,6888.518596157536,239.22543334960938
S004,6919.427414810543,239.22543334960938
S004,6950.33623346355,238.4581756591797
S004,6981.245052116557,229.06832885742188
S004,7012.1538707695645,221.39276123046875
S004,7043.062689422572,234.78997802734375
S004,7073.971508075579,234.78997802734375
S004,7104.880326728586,234.0657196044922
S004,7135.789145381593,231.08905029296875
S004,7153.435461972755,244.2332305908203
S004,7166.6979640346,247.1850128173828
S004,7197.606782687608,250.83314514160156
S004,7228.515601340615,250.83314514160156
S004,7259.424419993622,256.258544921875
S004,7290.333238646628,271.5724182128906
S004,7321.242057299635,282.1116027832031
S004,7352.150875952642,292.08544921875
S004,7383.059694605649,292.08544921875
S004,7413.968513258657,285.30792236328125
S004,7444.877331911664,267.2309265136719
S004,7446.2025322037025,271.4110107421875
S004,7475.7861505646715,271.4110107421875
S004,7506.694969217679,263.1273193359375
S004,7537.603787870685,247.15768432617188
S004,7568.512606523692,229.87893676757812
S004,7599.421425176699,216.1753387451172
S004,7630.330243829707,216.1753387451172
S004,7661.239062482714,215.39187622070312
S004,7692.147881135721,203.27952575683594
S004,7714.681646286507,195.11575317382812
S008,0.0,128.7255401611328
S008,27.36587048422993,130.80474853515625
S008,58.97348250090625,133.40194702148438
S008,70.17509470200001,133.40194702148438
S008,90.58109451758256,133.5510711669922
S008,122.18870653425888,134.21600341796875
S008,153.7963185509352,136.61082458496094
S008,185.4039305676115,138.58750915527344
S008,194.13308011362736,138.58750915527344
S008,217.01154258428784,132.96780395507812
S008,248.61915460096415,132.68983459472656
S008,280.22676661764046,128.790771484375
S008,311.83437863431675,128.790771484375
S008,318.0910655252547,128.1844024658203
S008,343.4419906509931,132.91812133789062
S008,375.04960266766943,139.52053833007812
S008,406.6572146843457,139.52053833007812
S008,438.26482670102206,134.18728637695312
S008,442.049050936882,145.68429565429688
S008,469.87243871769834,145.68429565429688
S008,501.4800507343747,136.46885681152344
S008,533.087662751051,132.66122436523438
S008,564.6952747677274,138.98719787597656
S008,566.0070363485094,140.00267028808594
S008,596.3028867844037,155.14585876464844
S008,627.9104988010799,163.02462768554688
S008,659.5181108177563,171.21006774902344
S008,689.9650217601367,171.21006774902344
S008,691.1257228344325,165.27374267578125
S008,722.7333348511089,169.1483612060547
S008,754.3409468677853,174.5121612548828
S008,785.9485588844615,181.98526000976562
S008,813.9230071717641,181.98526000976562
S008,817.5561709011379,166.96524047851562
S008,849.1637829178142,154.4271697998047
S008,880.7713949344904,165.09619140625
S008,912.3790069511668,174.8217315673828
S008,937.8809925833914,174.8217315673828
S008,943.9866189678431,180.83560180664062
S008,975.5942309845194,193.27687072753906
S008,1007.2018430011957,199.77774047851562
S008,1038.809455017872,199.77774047851562
S008,1061.8389779950187,198.57191467285156
S008,1070.4170670345484,198.57191467285156
S008,1102.024679051225,200.187255859375
S008,1133.632291067901,203.5731201171875
S008,1165.2399030845772,205.1633758544922
S008,1185.796963406646,205.1633758544922
S008,1196.8475151012537,201.4271697998047
S008,1228.45512711793,201.4271697998047
S008,1260.0627391346063,204.2788543701172
S008,1291.6703511512826,204.2788543701172
S008,1309.7549488182733,200.30059814453125
S008,1323.277963167959,200.30059814453125
S008,1354.8855751846352,185.29049682617188
S008,1386.4931872013115,170.7978515625
S008,1418.100799217988,163.59104919433594
S008,1433.7129342299008,173.8075408935547
S008,1449.7084112346643,173.8075408935547
S008,1481.3160232513405,169.06527709960938
S008,1512.9236352680168,156.3429412841797
S008,1544.531247284693,137.32992553710938
S008,1557.6709196415281,138.2509307861328
S008,1576.1388593013694,140.5471954345703
S008,1607.7464713180457,141.211669921875
S008,1639.3540833347222,141.211669921875
S008,1670.9616953513985,141.15771484375
S008,1681.6289050531552,139.40574645996094
S008,1702.5693073680748,140.2158660888672
S008,1734.176919384751,144.53883361816406
S008,1765.7845314014273,157.97300720214844
S008,1797.3921434181036,179.50616455078125
S008,1805.5868904647828,181.96324157714844
S008,1828.9997554347801,191.08619689941406
S008,1860.6073674514564,197.91146850585938
S008,1892.2149794681327,209.1463165283203
S008,1923.8225914848088,212.54971313476562
S008,1929.54487587641,212.54971313476562
S008,1955.4302035014853,210.35076904296875
S008,1987.0378155181616,209.68287658691406
S008,2018.6454275348378,203.0789031982422
S008,2050.253039551514,192.6483917236328
S008,2053.5028612880374,189.58364868164062
S008,2081.8606515681904,189.58364868164062
S008,2113.468263584867,174.8004913330078
S008,2145.075875601543,158.80348205566406
S008,2176.6834876182197,157.32200622558594
S008,2177.4608466996647,157.32200622558594
S008,2208.291099634896,150.2891082763672
S008,2239.898711651572,150.10281372070312
S008,2271.5063236682486,161.69569396972656
S008,2301.418832111292,161.69569396972656
S008,2303.113935684925,182.5805206298828
S008,2334.721547701601,194.2313690185547
S008,2366.3291597182774,195.38876342773438
S008,2397.9367717349537,204.0930938720703
S008,2425.3768175229197,207.65652465820312
S008,2429.54438375163,207.65652465820312
S008,2461.1519957683063,204.71510314941406
S008,2492.7596077849826,199.13455200195312
S008,2524.367219801659,190.19015502929688
S008,2549.334802934547,202.21958923339844
S008,2555.9748318183356,202.21958923339844
S008,2587.5824438350114,198.179931640625
S008,2619.1900558516877,203.07904052734375
S008,2650.7976678683644,208.65528869628906
S008,2673.292788346174,208.65528869628906
S008,2682.4052798850403,206.86363220214844
S008,2714.012891901717,206.86363220214844
S008,2745.6205039183933,203.52493286132812
S008,2777.2281159350696,202.43679809570312
S008,2797.2507737578017,202.43679809570312
S008,2808.835727951746,188.63851928710938
S008,2840.443339968422,204.6278533935547
S008,2872.0509519850984,219.34292602539062
S008,2903.6585640017747,230.9404296875
S008,2921.208759169429,230.9404296875
S008,2935.2661760184515,233.81436157226562
S008,2966.8737880351273,233.81436157226562
S008,2998.481400051804,217.3805389404297
S008,3030.08901206848,201.4029083251953
S008,3045.1667445810563,189.5266876220703
S008,3061.696624085156,195.11061096191406
S008,3093.304236101833,206.69134521484375
S008,3124.9118481185087,215.8779754638672
S008,3156.5194601351855,215.8779754638672
S008,3169.1247299926836,221.69253540039062
S008,3188.1270721518617,221.69253540039062
S008,3219.7346841685376,218.54376220703125
S008,3251.3422961852143,233.77346801757812
S008,3282.9499082018906,252.66204833984375
S008,3293.082715404311,261.7333679199219
S008,3314.557520218567,274.6983642578125
S008,3346.165132235243,274.6983642578125
S008,3377.77274425192,267.4793701171875
S008,3409.3803562685957,251.5581512451172
S008,3417.040700815938,261.55853271484375
S008,3440.987968285272,261.55853271484375
S008,3472.5955803019488,265.2282409667969
S008,3504.2031923186246,272.85498046875
S008,3535.8108043353013,289.7340393066406
S008,3540.9986862275655,294.2038269042969
S008,3567.4184163519776,299.5338134765625
S008,3599.026028368654,299.5338134765625
S008,3630.63364038533,287.5166015625
S008,3662.241252402006,274.5884094238281
S008,3664.956671639193,264.4491271972656
S008,3693.8488644186828,264.3040466308594
S008,3725.456476435359,251.8332977294922
S008,3757.0640884520353,237.97767639160156
S008,3788.6717004687116,254.4922332763672
S008,3788.91465705082,264.4530334472656
S008,3820.279312485388,264.4530334472656
S008,3851.886924502064,263.96722412109375
S008,3883.4945365187405,251.7985382080078
S008,3912.8726424624474,235.9147186279297
S008,3915.102148535417,234.9308624267578
S008,3946.709760552093,256.21453857421875
S008,3978.3173725687698,277.38739013671875
S008,4009.924984585446,286.32275390625
S008,4036.830627874075,286.32275390625
S008,4041.532596602122,284.017822265625
S008,4073.1402086187986,279.37054443359375
S008,4104.747820635475,265.89813232421875
S008,4136.355432652152,252.0584716796875
S008,4160.788613285702,242.47157287597656
S008,4167.963044668827,253.44384765625
S008,4199.570656685503,271.87689208984375
S008,4231.17826870218,288.2223815917969
S008,4262.785880718857,300.735595703125
S008,4284.74659869733,304.9871826171875
S008,4294.393492735533,304.9871826171875
S008,4326.001104752209,296.9696960449219
S008,4357.608716768885,283.2336120605469
S008,4389.216328785562,270.6124267578125
S008,4408.704584108957,256.2218017578125
S008,4420.823940802238,256.2218017578125
S008,4452.4315528189145,260.5283508300781
S008,4484.039164835591,276.5382385253906
S008,4515.646776852267,291.9681396484375
S008,4532.662569520584,291.9681396484375
S008,4547.254388868943,298.74542236328125
S008,4578.86200088562,298.74542236328125
S008,4610.469612902296,299.40216064453125
S008,4642.077224918972,305.68731689453125
S008,4656.620554932212,305.68731689453125
S008,4673.6848369356485,305.3985900878906
S008,4705.292448952325,305.3985900878906
S008,4736.900060969001,288.4785461425781
S008,4768.507672985677,270.4479675292969
S008,4780.5785403438385,270.2376403808594
S008,4800.115285002354,270.2376403808594
S008,4831.72289701903,250.56796264648438
S008,4863.330509035707,262.01580810546875
S008,4894.9381210523825,276.8590087890625
S008,4904.536525755466,276.8590087890625
S008,4926.545733069059,275.5881652832031
S008,4958.153345085735,268.4632263183594
S008,4989.760957102412,255.9833221435547
S008,5021.3685691190885,234.39305114746094
S008,5028.494511167094,233.08123779296875
S008,5052.976181135765,253.53060913085938
S008,5084.58379315244,270.8594665527344
S008,5116.1914051691165,288.0013427734375
S008,5147.799017185794,297.9179382324219
S008,5152.452496578721,304.4717102050781
S008,5179.40662920247,304.4717102050781
S008,5211.014241219146,300.010498046875
S008,5242.621853235822,287.38836669921875
S008,5274.229465252498,301.1072998046875
S008,5276.410481990348,309.3165283203125
S008,5305.837077269175,317.5588684082031
S008,5337.444689285851,317.5588684082031
S008,5369.052301302528,315.0748596191406
S008,5400.368467401976,305.9945373535156
S008,5400.659913319204,305.9945373535156
S008,5432.267525335879,292.4982604980469
S008,5463.8751373525565,275.5279235839844
S008,5495.482749369233,262.9507751464844
S008,5524.326452813603,254.61631774902344
S008,5527.090361385909,254.61631774902344
S008,5558.697973402585,241.96456909179688
S008,5590.305585419263,231.58534240722656
S008,5621.913197435938,231.92626953125
S008,5648.28443822523,241.87957763671875
S008,5653.520809452614,255.89830017089844
S008,5685.1284214692905,261.4875793457031
S008,5716.736033485967,261.4875793457031
S008,5748.343645502644,244.96237182617188
S008,5772.242423636858,237.42918395996094
S008,5779.95125751932,237.42918395996094
S008,5811.558869535996,222.84323120117188
S008,5843.166481552672,213.64059448242188
S008,5874.774093569348,228.270751953125
S008,5896.200409048485,238.0721435546875
S008,5906.381705586025,238.0721435546875
S008,5937.989317602702,226.5134735107422
S008,5969.596929619377,224.2071990966797
S008,6001.204541636053,226.0297393798828
S008,6020.158394460112,240.32928466796875
S008,6032.81215365273,245.6693878173828
S008,6064.419765669407,248.68333435058594
S008,6096.027377686083,248.68333435058594
S008,6127.634989702759,241.48922729492188
S008,6144.11637987174,219.23544311523438
S008,6159.242601719435,216.90191650390625
S008,6190.850213736112,196.55072021484375
S008,6222.457825752788,192.41534423828125
S008,6254.065437769465,192.41534423828125
S008,6268.074365283367,190.67898559570312
S008,6285.673049786141,199.82032775878906
S008,6317.280661802817,218.56076049804688
S008,6348.888273819493,218.56076049804688
S008,6380.49588583617,212.3238067626953
S008,6392.032350694994,200.58766174316406
S008,6412.103497852846,203.32150268554688
S008,6443.711109869522,221.8558807373047
S008,6475.318721886199,229.89999389648438
S008,6506.926333902875,231.56979370117188
S008,6515.990336106622,241.39601135253906
S008,6538.533945919551,245.1039276123047
S008,6570.141557936227,247.53948974609375
S008,6601.749169952904,247.95494079589844
S008,6633.35678196958,247.95494079589844
S008,6639.948321518249,236.06332397460938
S008,6664.964393986257,241.52883911132812
S008,6696.5720060029325,241.52883911132812
S008,6728.179618019609,245.50759887695312
S008,6759.787230036285,250.45384216308594
S008,6763.906306929876,254.71351623535156
S008,6791.394842052962,254.71351623535156
S008,6823.002454069639,246.42410278320312
S008,6854.610066086315,231.8065643310547
S008,6886.21767810299,217.213134765625
S008,6887.864292341504,202.55966186523438
S008,6917.8252901196665,202.85975646972656
S008,6949.432902136344,202.85975646972656
S008,6981.04051415302,202.4349822998047
S008,7011.822277753131,191.31826782226562
S008,7012.648126169696,199.54124450683594
S008,7044.255738186373,206.4857177734375
S008,7075.863350203048,206.4857177734375
S008,7107.470962219725,204.43264770507812
S008,7135.780263164758,208.28152465820312
S008,7139.078574236401,221.5296173095703
S008,7170.686186253078,221.5296173095703
S008,7202.293798269754,213.6440887451172
S008,7233.901410286429,218.54214477539062
S008,7259.738248576386,218.54214477539062
S008,7265.509022303107,223.51820373535156
S008,7297.116634319783,225.15780639648438
S008,7328.724246336459,230.05514526367188
S008,7360.331858353135,230.2826385498047
S008,7383.696233988013,230.2826385498047
S008,7391.939470369812,219.0988006591797
S008,7423.547082386488,226.18600463867188
S008,7455.154694403164,237.24539184570312
S008,7486.762306419841,252.37945556640625
S008,7507.65421939964,252.37945556640625
S008,7518.369918436517,239.03366088867188
S008,7549.977530453194,236.01766967773438
S008,7581.58514246987,240.59654235839844
S008,7613.192754486546,255.05564880371094
S008,7631.6122048112675,255.05564880371094
S008,7644.800366503222,267.1428527832031
S008,7676.407978519898,285.2511901855469
S008,7708.0155905365755,307.96917724609375
S008,7739.623202553252,322.9093322753906
S008,7755.570190222895,322.9093322753906
S008,7771.230814569927,314.31085205078125
S008,7802.838426586603,306.58551025390625
S008,7834.44603860328,295.6534423828125
S008,7866.053650619957,283.3652648925781
S008,7879.528175634522,276.72137451171875
S008,7897.661262636633,258.8279724121094
S008,7929.2688746533095,260.3319091796875
S008,7960.876486669985,261.23358154296875
S008,7992.484098686662,261.23358154296875
S008,8003.48616104615,260.12530517578125
S008,8024.091710703338,253.4600830078125
S008,8055.699322720015,252.99481201171875
S008,8079.110448788476,248.2891845703125
S012,0.0,128.7255401611328
S012,17.03765276431622,129.26283264160156
S012,38.68106951652988,132.31642150878906
S012,56.30577474403411,133.27137756347656
S012,83.3577494844891,134.4770050048828
S012,95.573896723752,141.8726348876953
S012,128.03442945244834,144.63507080078125
S012,134.84201870346988,146.04852294921875
S012,172.71110942040755,146.04852294921875
S012,174.11014068318778,141.21533203125
S012,213.37826266290568,139.6374053955078
S012,217.38778938836677,136.2056884765625
S012,252.64638464262356,134.9976043701172
S012,262.064469356326,134.9976043701172
S012,291.91450662234143,135.2376251220703
S012,306.74114932428523,136.348388671875
S012,331.18262860205937,138.6898193359375
S012,351.41782929224445,140.08653259277344
S012,370.45075058177724,147.76934814453125
S012,396.0945092602037,147.76934814453125
S012,409.7188725614951,148.8672637939453
S012,440.77118922816294,151.2235107421875
S012,448.98699454121305,151.2235107421875
S012,485.4478691961221,163.7376251220703
S012,488.25511652093087,163.7376251220703
S012,527.5232385006487,157.69105529785156
S012,530.1245491640814,165.53012084960938
S012,566.7913604803666,165.53012084960938
S012,574.8012291320406,172.2777862548828
S012,606.0594824600846,172.2777862548828
S012,619.4779090999998,167.01487731933594
S012,645.3276044398025,167.01487731933594
S012,664.154589067959,161.2673797607422
S012,684.5957264195204,161.2673797607422
S012,708.8312690359182,164.5654296875
S012,723.8638483992382,169.6546630859375
S012,753.5079490038775,180.1864471435547
S012,763.1319703789561,180.1864471435547
S012,798.1846289718368,179.8877716064453
S012,802.4000923586741,173.6026153564453
S012,841.668214338392,179.79458618164062
S012,842.8613089397959,183.01461791992188
S012,880.9363363181099,185.03602600097656
S012,887.5379889077551,185.03602600097656
S012,920.2044582978277,175.17872619628906
S012,932.2146688757144,163.51119995117188
S012,959.4725802775455,147.08534240722656
S012,976.8913488436735,154.93922424316406
S012,998.7407022572635,154.93922424316406
S012,1021.5680288116329,165.18975830078125
S012,1038.0088242369814,165.18975830078125
S012,1066.244708779592,177.6822052001953
S012,1077.2769462166993,177.6822052001953
S012,1110.9213887475512,182.31149291992188
S012,1116.545068196417,182.31149291992188
S012,1155.5980687155106,176.36582946777344
S012,1155.813190176135,176.36582946777344
S012,1195.0813121558529,185.62864685058594
S012,1200.2747486834699,185.62864685058594
S012,1234.3494341355708,187.70187377929688
S012,1244.9514286514288,187.70187377929688
S012,1273.6175561152886,177.8864288330078
S012,1289.6281086193883,177.8864288330078
S012,1312.8856780950066,159.35780334472656
S012,1334.3047885873475,156.47337341308594
S012,1352.1538000747246,148.2489013671875
S012,1378.9814685553065,146.22364807128906
S012,1391.4219220544423,146.22364807128906
S012,1423.658148523266,148.5589599609375
S012,1430.6900440341603,148.9412384033203
S012,1468.3348284912252,150.80551147460938
S012,1469.958166013878,150.99423217773438
S012,1509.226287993596,154.9879150390625
S012,1513.0115084591844,154.9879150390625
S012,1548.494409973314,149.67222595214844
S012,1557.6881884271436,150.69508361816406
S012,1587.7625319530318,151.48342895507812
S012,1602.3648683951028,162.1238555908203
S012,1627.0306539327498,169.26873779296875
S012,1647.041548363062,176.15769958496094
S012,1666.2987759124676,190.5690155029297
S012,1691.7182283310212,190.5690155029297
S012,1705.5668978921856,194.4901123046875
S012,1736.3949082989805,194.4901123046875
S012,1744.8350198719036,187.8685302734375
S012,1781.0715882669397,187.8685302734375
S012,1784.1031418516213,172.8196563720703
S012,1823.3712638313393,166.96018981933594
S012,1825.748268234899,165.34585571289062
S012,1862.6393858110569,165.30047607421875
S012,1870.4249482028579,182.1112823486328
S012,1901.9075077907748,182.1112823486328
S012,1915.1016281708175,190.66192626953125
S012,1941.1756297704928,190.66192626953125
S012,1959.7783081387765,186.18115234375
S012,1980.4437517502106,187.85009765625
S012,2004.4549881067358,196.10739135742188
S012,2019.7118737299286,200.5380096435547
S012,2049.131668074695,213.41920471191406
S012,2058.9799957096466,213.41920471191406
S012,2093.808348042654,218.2115936279297
S012,2098.2481176893643,218.2115936279297
S012,2137.516239669082,219.55093383789062
S012,2138.4850280106134,230.4595184326172
S012,2176.7843616488003,233.72103881835938
S012,2183.161707978573,247.2608642578125
S012,2216.052483628518,253.19757080078125
S012,2227.838387946532,267.7915954589844
S012,2255.320605608236,280.0849304199219
S012,2272.5150679144913,297.2634582519531
S012,2294.588727587954,309.84619140625
S012,2317.1917478824503,329.1663513183594
S012,2333.856849567672,329.1663513183594
S012,2361.8684278504093,344.1709289550781
S012,2373.1249715473896,344.1709289550781
S012,2406.5451078183687,343.6112060546875
S012,2412.3930935271073,343.6112060546875
S012,2451.221787786328,332.78143310546875
S012,2451.6612155068256,327.5497741699219
S012,2490.9293374865433,323.1469421386719
S012,2495.898467754287,319.877197265625
S012,2530.197459466261,300.39471435546875
S012,2540.5751477222466,299.0216064453125
S012,2569.4655814459793,281.7724609375
S012,2585.2518276902056,281.7724609375
S012,2608.733703425697,283.6560974121094
S012,2629.928507658165,283.6560974121094
S012,2648.001825405415,286.2397155761719
S012,2674.605187626124,286.473876953125
S012,2687.2699473851326,286.473876953125
S012,2719.2818675940835,284.1027526855469
S012,2726.538069364851,283.6775817871094
S012,2763.958547562043,278.663818359375
S012,2765.8061913445686,276.722900390625
S012,2805.0743133242863,272.2882995605469
S012,2808.635227530002,267.9749755859375
S012,2844.3424353040045,267.9749755859375
S012,2853.311907497961,258.1115417480469
S012,2883.6105572837223,258.1115417480469
S012,2897.9885874659203,248.6118927001953
S012,2922.87867926344,248.6118927001953
S012,2942.6652674338793,257.5350036621094
S012,2962.1468012431583,262.66839599609375
S012,2987.3419474018388,262.66839599609375
S012,3001.414923222876,262.12451171875
S012,3032.018627369798,258.9098815917969
S012,3040.683045202594,250.18519592285156
S012,3076.695307337757,242.3522186279297
S012,3079.9511671823116,239.66148376464844
S012,3119.21928916203,228.2467041015625
S012,3121.371987305716,214.2034454345703
S012,3158.4874111417475,214.2034454345703
S012,3166.0486672736756,211.33364868164062
S012,3197.7555331214653,211.33364868164062
S012,3210.7253472416346,199.08653259277344
S012,3237.0236551011835,199.08653259277344
S012,3255.402027209594,187.52044677734375
S012,3276.2917770809013,187.52044677734375
S012,3300.0787071775535,188.1781005859375
S012,3315.559899060619,188.1781005859375
S012,3344.7553871455125,179.28863525390625
S012,3354.8280210403373,185.2198028564453
S012,3389.432067113472,185.2198028564453
S012,3394.096143020055,187.0796356201172
S012,3433.364264999773,187.56631469726562
S012,3434.108747081431,187.56631469726562
S012,3472.6323869794905,179.6058807373047
S012,3478.78542704939,184.38978576660156
S012,3511.9005089592088,184.38978576660156
S012,3523.46210701735,190.35186767578125
S012,3551.1686309389265,190.35186767578125
S012,3568.138786985309,188.18704223632812
S012,3590.4367529186443,188.18704223632812
S012,3612.815466953268,183.0313720703125
S012,3629.7048748983625,189.2182159423828
S012,3657.4921469212272,208.013427734375
S012,3668.9729968780803,220.26963806152344
S012,3702.1688268891867,220.26963806152344
S012,3708.241118857798,232.0944061279297
S012,3746.8455068571457,240.3002471923828
S012,3747.509240837516,254.7896728515625
S012,3786.777362817234,260.6629943847656
S012,3791.522186825105,260.6629943847656
S012,3826.0454847969513,255.71017456054688
S012,3836.198866793064,249.17745971679688
S012,3865.3136067766695,234.6591033935547
S012,3880.875546761023,228.67079162597656
S012,3904.5817287563873,219.15914916992188
S012,3925.5522267289825,219.0493621826172
S012,3943.8498507361055,220.53524780273438
S012,3970.2289066969415,220.53524780273438
S012,3983.117972715823,226.1333465576172
S012,4014.9055866649005,226.1333465576172
S012,4022.3860946955415,219.17276000976562
S012,4059.58226663286,219.17276000976562
S012,4061.654216675259,203.48899841308594
S012,4100.9223386549775,195.11355590820312
S012,4104.258946600819,185.75526428222656
S012,4140.190460634694,192.83795166015625
S012,4148.935626568778,215.36721801757812
S012,4179.458582614413,218.8511199951172
S012,4193.612306536738,232.59202575683594
S012,4218.726704594131,235.32032775878906
S012,4238.288986504697,252.1072235107422
S012,4257.9948265738485,252.1072235107422
S012,4282.965666472656,262.13751220703125
S012,4297.262948553566,262.13751220703125
S012,4327.642346440615,263.99591064453125
S012,4336.531070533284,263.99591064453125
S012,4372.319026408575,254.36497497558594
S012,4375.799192513002,241.57235717773438
S012,4415.0673144927205,236.6446075439453
S012,4416.995706376534,229.13487243652344
S012,4454.335436472437,212.4367218017578
S012,4461.672386344493,216.6297149658203
S012,4493.603558452156,226.62045288085938
S012,4506.349066312452,231.41317749023438
S012,4532.871680431874,231.41317749023438
S012,4551.025746280411,228.2358856201172
S012,4572.1398024115915,225.41612243652344
S012,4595.702426248371,210.97677612304688
S012,4611.407924391309,206.0081329345703
S012,4640.37910621633,224.64346313476562
S012,4650.676046371028,228.706787109375
S012,4685.055786184289,246.418212890625
S012,4689.944168350745,246.418212890625
S012,4729.2122903304635,244.84390258789062
S012,4729.732466152249,255.0806427001953
S012,4768.480412310181,255.0806427001953
S012,4774.409146120208,243.7289276123047
S012,4807.748534289899,241.19281005859375
S012,4819.085826088167,228.30845642089844
S012,4847.016656269617,230.2189483642578
S012,4863.762506056127,247.36428833007812
S012,4886.284778249335,247.36428833007812
S012,4908.439186024086,255.48077392578125
S012,4925.552900229052,255.48077392578125
S012,4953.115865992045,256.5867614746094
S012,4964.821022208771,262.1891174316406
S012,4997.792545960004,264.0461120605469
S012,5004.089144188489,275.71160888671875
S012,5042.469225927963,275.71160888671875
S012,5043.3572661682065,280.558837890625
S012,5082.625388147924,295.4401550292969
S012,5087.145905895922,299.3490295410156
S012,5121.893510127642,314.0968017578125
S012,5131.822585863882,321.0915222167969
S012,5161.16163210736,329.6744384765625
S012,5176.499265831841,329.6744384765625
S012,5200.429754087078,317.6057434082031
S012,5221.1759457998,316.6915283203125
S012,5239.697876066795,299.923095703125
S012,5265.8526257677595,294.6917724609375
S012,5278.965998046514,281.5832214355469
S012,5310.5293057357185,275.79345703125
S012,5318.234120026232,265.49224853515625
S012,5355.2059857036775,265.49224853515625
S012,5357.5022420059495,271.04290771484375
S012,5396.770363985667,279.20428466796875
S012,5399.882665671637,288.9143371582031
S012,5436.038485965386,296.90557861328125
S012,5444.559345639596,307.7552185058594
S012,5475.306607945103,314.0830993652344
S012,5489.236025607555,328.58184814453125
S012,5514.574729924821,338.02978515625
S012,5533.912705575514,351.6332092285156
S012,5553.842851904539,356.6015625
S012,5578.589385543473,356.6015625
S012,5593.110973884257,354.9936828613281
S012,5623.266065511433,354.9936828613281
S012,5632.379095863975,337.1551818847656
S012,5667.942745479392,334.2931823730469
S012,5671.647217843693,329.0572204589844
S012,5710.91533982341,349.8086242675781
S012,5712.619425447351,349.8086242675781
S012,5750.183461803129,339.4374694824219
S012,5757.29610541531,336.2382507324219
S012,5789.451583782847,320.12579345703125
S012,5801.97278538327,318.6631774902344
S012,5828.719705762564,309.35980224609375
S012,5846.649465351229,301.1184387207031
S012,5867.987827742282,291.7424621582031
S012,5891.326145319189,281.24822998046875
S012,5907.255949722,301.2737731933594
S012,5936.002825287148,309.4036560058594
S012,5946.524071701718,329.9598083496094
S012,5980.679505255107,329.9598083496094
S012,5985.792193681436,346.58526611328125
S012,6025.060315661153,359.2452392578125
S012,6025.356185223066,359.2452392578125
S012,6064.328437640872,356.3914794921875
S012,6070.032865191025,362.35931396484375
S012,6103.59655962059,363.3009948730469
S012,6114.709545158984,363.3009948730469
S012,6142.864681600307,360.38336181640625
S012,6159.386225126944,351.0553283691406
S012,6182.132803580025,335.9823913574219
S012,6204.062905094903,340.9901123046875
S012,6221.400925559744,342.3763122558594
S012,6248.739585062862,363.2245788574219
S012,6260.669047539461,363.2245788574219
S012,6293.416265030821,362.01812744140625
S012,6299.937169519179,362.01812744140625
S012,6338.092944998781,351.372314453125
S012,6339.205291498897,351.372314453125
S012,6378.473413478615,346.3538818359375
S012,6382.76962496674,350.5852355957031
S012,6417.741535458333,351.7663269042969
S012,6427.4463049347,351.7663269042969
S012,6457.00965743805,337.4251708984375
S012,6472.122984902659,337.4251708984375
S012,6496.277779417768,325.779541015625
S012,6516.799664870618,325.779541015625
S012,6535.545901397487,314.5032043457031
S012,6561.476344838577,314.5032043457031
S012,6574.814023377204,312.8169250488281
S012,6606.1530248065355,312.8169250488281
S012,6614.082145356922,299.2202453613281
S012,6650.829704774495,297.69842529296875
S012,6653.35026733664,278.45440673828125
S012,6692.618389316358,276.2496643066406
S012,6695.506384742454,273.78857421875
S012,6731.886511296076,260.3423156738281
S012,6740.183064710413,272.11041259765625
S012,6771.154633275794,272.11041259765625
S012,6784.859744678372,280.1001892089844
S012,6810.422755255511,280.1001892089844
S012,6829.536424646331,278.0749206542969
S012,6849.69087723523,278.0749206542969
S012,6874.213104614291,288.4149169921875
S012,6888.958999214948,288.4149169921875
S012,6918.889784582251,281.7498474121094
S012,6928.227121194665,280.8437805175781
S012,6963.56646455021,267.47607421875
S012,6967.495243174383,266.3133544921875
S012,7006.763365154102,254.21527099609375
S012,7008.243144518169,258.73406982421875
S012,7046.031487133819,258.73406982421875
S012,7052.919824486128,266.70562744140625
S012,7085.299609113537,266.70562744140625
S012,7097.596504454087,266.9141540527344
S012,7124.567731093255,266.9141540527344
S012,7142.273184422047,284.1225891113281
S012,7163.835853072972,288.2176818847656
S012,7186.949864390006,301.59783935546875
S012,7203.103975052691,301.59783935546875
S012,7231.626544357965,299.7571105957031
S012,7242.372097032408,293.83465576171875
S012,7276.303224325924,281.0279541015625
S012,7281.640219012126,280.5797119140625
S012,7320.908340991844,271.685546875
S012,7320.979904293883,260.31024169921875
S012,7360.176462971562,256.27459716796875
S012,7365.656584261842,253.31507873535156
S012,7391.140162515387,253.31507873535156
