service_id,model,rated_payload_kg,full_load_maximum_reserve_percent,empty_roundtrip_maximum_reserve_percent,samples
S001,A,25,70.82866130264864,74.18821075903834,"[{""reserve_percent"":0,""safe_payload_kg"":25,""limiting_factor"":""rated_payload""},{""reserve_percent"":5,""safe_payload_kg"":25,""limiting_factor"":""rated_payload""},{""reserve_percent"":10,""safe_payload_kg"":25,""limiting_factor"":""rated_payload""},{""reserve_percent"":15,""safe_payload_kg"":25,""limiting_factor"":""rated_payload""},{""reserve_percent"":20,""safe_payload_kg"":25,""limiting_factor"":""rated_payload""},{""reserve_percent"":25,""safe_payload_kg"":25,""limiting_factor"":""rated_payload""},{""reserve_percent"":30,""safe_payload_kg"":25,""limiting_factor"":""rated_payload""},{""reserve_percent"":35,""safe_payload_kg"":25,""limiting_factor"":""rated_payload""},{""reserve_percent"":40,""safe_payload_kg"":25,""limiting_factor"":""rated_payload""},{""reserve_percent"":45,""safe_payload_kg"":25,""limiting_factor"":""rated_payload""},{""reserve_percent"":50,""safe_payload_kg"":25,""limiting_factor"":""rated_payload""},{""reserve_percent"":60,""safe_payload_kg"":25,""limiting_factor"":""rated_payload""}]"
S001,B,30,68.15147570379617,76.74435597704931,"[{""reserve_percent"":0,""safe_payload_kg"":30,""limiting_factor"":""rated_payload""},{""reserve_percent"":5,""safe_payload_kg"":30,""limiting_factor"":""rated_payload""},{""reserve_percent"":10,""safe_payload_kg"":30,""limiting_factor"":""rated_payload""},{""reserve_percent"":15,""safe_payload_kg"":30,""limiting_factor"":""rated_payload""},{""reserve_percent"":20,""safe_payload_kg"":30,""limiting_factor"":""rated_payload""},{""reserve_percent"":25,""safe_payload_kg"":30,""limiting_factor"":""rated_payload""},{""reserve_percent"":30,""safe_payload_kg"":30,""limiting_factor"":""rated_payload""},{""reserve_percent"":35,""safe_payload_kg"":30,""limiting_factor"":""rated_payload""},{""reserve_percent"":40,""safe_payload_kg"":30,""limiting_factor"":""rated_payload""},{""reserve_percent"":45,""safe_payload_kg"":30,""limiting_factor"":""rated_payload""},{""reserve_percent"":50,""safe_payload_kg"":30,""limiting_factor"":""rated_payload""},{""reserve_percent"":60,""safe_payload_kg"":30,""limiting_factor"":""rated_payload""}]"
S001,C,80,61.478695491671,75.73259410464861,"[{""reserve_percent"":0,""safe_payload_kg"":80,""limiting_factor"":""rated_payload""},{""reserve_percent"":5,""safe_payload_kg"":80,""limiting_factor"":""rated_payload""},{""reserve_percent"":10,""safe_payload_kg"":80,""limiting_factor"":""rated_payload""},{""reserve_percent"":15,""safe_payload_kg"":80,""limiting_factor"":""rated_payload""},{""reserve_percent"":20,""safe_payload_kg"":80,""limiting_factor"":""rated_payload""},{""reserve_percent"":25,""safe_payload_kg"":80,""limiting_factor"":""rated_payload""},{""reserve_percent"":30,""safe_payload_kg"":80,""limiting_factor"":""rated_payload""},{""reserve_percent"":35,""safe_payload_kg"":80,""limiting_factor"":""rated_payload""},{""reserve_percent"":40,""safe_payload_kg"":80,""limiting_factor"":""rated_payload""},{""reserve_percent"":45,""safe_payload_kg"":80,""limiting_factor"":""rated_payload""},{""reserve_percent"":50,""safe_payload_kg"":80,""limiting_factor"":""rated_payload""},{""reserve_percent"":60,""safe_payload_kg"":80,""limiting_factor"":""rated_payload""}]"
S002,A,25,31.322006052488593,39.114519168653786,"[{""reserve_percent"":0,""safe_payload_kg"":25,""limiting_factor"":""rated_payload""},{""reserve_percent"":5,""safe_payload_kg"":25,""limiting_factor"":""rated_payload""},{""reserve_percent"":10,""safe_payload_kg"":25,""limiting_factor"":""rated_payload""},{""reserve_percent"":15,""safe_payload_kg"":25,""limiting_factor"":""rated_payload""},{""reserve_percent"":20,""safe_payload_kg"":25,""limiting_factor"":""rated_payload""},{""reserve_percent"":25,""safe_payload_kg"":25,""limiting_factor"":""rated_payload""},{""reserve_percent"":30,""safe_payload_kg"":25,""limiting_factor"":""rated_payload""},{""reserve_percent"":35,""safe_payload_kg"":17.283795028924942,""limiting_factor"":""energy_reserve""},{""reserve_percent"":40,""safe_payload_kg"":null,""limiting_factor"":""empty_roundtrip_infeasible""},{""reserve_percent"":45,""safe_payload_kg"":null,""limiting_factor"":""empty_roundtrip_infeasible""},{""reserve_percent"":50,""safe_payload_kg"":null,""limiting_factor"":""empty_roundtrip_infeasible""},{""reserve_percent"":60,""safe_payload_kg"":null,""limiting_factor"":""empty_roundtrip_infeasible""}]"
S002,B,30,25.029492203099537,45.396136977298404,"[{""reserve_percent"":0,""safe_payload_kg"":30,""limiting_factor"":""rated_payload""},{""reserve_percent"":5,""safe_payload_kg"":30,""limiting_factor"":""rated_payload""},{""reserve_percent"":10,""safe_payload_kg"":30,""limiting_factor"":""rated_payload""},{""reserve_percent"":15,""safe_payload_kg"":30,""limiting_factor"":""rated_payload""},{""reserve_percent"":20,""safe_payload_kg"":30,""limiting_factor"":""rated_payload""},{""reserve_percent"":25,""safe_payload_kg"":30,""limiting_factor"":""rated_payload""},{""reserve_percent"":30,""safe_payload_kg"":26.74493283033371,""limiting_factor"":""energy_reserve""},{""reserve_percent"":35,""safe_payload_kg"":22.290045619010925,""limiting_factor"":""energy_reserve""},{""reserve_percent"":40,""safe_payload_kg"":15.70065826177597,""limiting_factor"":""energy_reserve""},{""reserve_percent"":45,""safe_payload_kg"":2.9051560163497925,""limiting_factor"":""energy_reserve""},{""reserve_percent"":50,""safe_payload_kg"":null,""limiting_factor"":""empty_roundtrip_infeasible""},{""reserve_percent"":60,""safe_payload_kg"":null,""limiting_factor"":""empty_roundtrip_infeasible""}]"
S002,C,80,8.150655640908278,42.093300883937076,"[{""reserve_percent"":0,""safe_payload_kg"":80,""limiting_factor"":""rated_payload""},{""reserve_percent"":5,""safe_payload_kg"":80,""limiting_factor"":""rated_payload""},{""reserve_percent"":10,""safe_payload_kg"":78.59221816062927,""limiting_factor"":""energy_reserve""},{""reserve_percent"":15,""safe_payload_kg"":74.23927307128906,""limiting_factor"":""energy_reserve""},{""reserve_percent"":20,""safe_payload_kg"":68.85810375213623,""limiting_factor"":""energy_reserve""},{""reserve_percent"":25,""safe_payload_kg"":62.012723088264465,""limiting_factor"":""energy_reserve""},{""reserve_percent"":30,""safe_payload_kg"":52.94820785522461,""limiting_factor"":""energy_reserve""},{""reserve_percent"":35,""safe_payload_kg"":40.14873266220093,""limiting_factor"":""energy_reserve""},{""reserve_percent"":40,""safe_payload_kg"":19.212015867233276,""limiting_factor"":""energy_reserve""},{""reserve_percent"":45,""safe_payload_kg"":null,""limiting_factor"":""empty_roundtrip_infeasible""},{""reserve_percent"":50,""safe_payload_kg"":null,""limiting_factor"":""empty_roundtrip_infeasible""},{""reserve_percent"":60,""safe_payload_kg"":null,""limiting_factor"":""empty_roundtrip_infeasible""}]"
S003,A,25,29.84404335999259,38.020316175391876,"[{""reserve_percent"":0,""safe_payload_kg"":25,""limiting_factor"":""rated_payload""},{""reserve_percent"":5,""safe_payload_kg"":25,""limiting_factor"":""rated_payload""},{""reserve_percent"":10,""safe_payload_kg"":25,""limiting_factor"":""rated_payload""},{""reserve_percent"":15,""safe_payload_kg"":25,""limiting_factor"":""rated_payload""},{""reserve_percent"":20,""safe_payload_kg"":25,""limiting_factor"":""rated_payload""},{""reserve_percent"":25,""safe_payload_kg"":25,""limiting_factor"":""rated_payload""},{""reserve_percent"":30,""safe_payload_kg"":24.730003625154495,""limiting_factor"":""energy_reserve""},{""reserve_percent"":35,""safe_payload_kg"":13.567428290843964,""limiting_factor"":""energy_reserve""},{""reserve_percent"":40,""safe_payload_kg"":null,""limiting_factor"":""empty_roundtrip_infeasible""},{""reserve_percent"":45,""safe_payload_kg"":null,""limiting_factor"":""empty_roundtrip_infeasible""},{""reserve_percent"":50,""safe_payload_kg"":null,""limiting_factor"":""empty_roundtrip_infeasible""},{""reserve_percent"":60,""safe_payload_kg"":null,""limiting_factor"":""empty_roundtrip_infeasible""}]"
S003,B,30,23.385246050402444,44.07372732265193,"[{""reserve_percent"":0,""safe_payload_kg"":30,""limiting_factor"":""rated_payload""},{""reserve_percent"":5,""safe_payload_kg"":30,""limiting_factor"":""rated_payload""},{""reserve_percent"":10,""safe_payload_kg"":30,""limiting_factor"":""rated_payload""},{""reserve_percent"":15,""safe_payload_kg"":30,""limiting_factor"":""rated_payload""},{""reserve_percent"":20,""safe_payload_kg"":30,""limiting_factor"":""rated_payload""},{""reserve_percent"":25,""safe_payload_kg"":29.03374582529068,""limiting_factor"":""energy_reserve""},{""reserve_percent"":30,""safe_payload_kg"":25.42316436767578,""limiting_factor"":""energy_reserve""},{""reserve_percent"":35,""safe_payload_kg"":20.435295403003693,""limiting_factor"":""energy_reserve""},{""reserve_percent"":40,""safe_payload_kg"":12.85735309123993,""limiting_factor"":""energy_reserve""},{""reserve_percent"":45,""safe_payload_kg"":null,""limiting_factor"":""empty_roundtrip_infeasible""},{""reserve_percent"":50,""safe_payload_kg"":null,""limiting_factor"":""empty_roundtrip_infeasible""},{""reserve_percent"":60,""safe_payload_kg"":null,""limiting_factor"":""empty_roundtrip_infeasible""}]"
S003,C,80,7.714668322512452,41.95116621643295,"[{""reserve_percent"":0,""safe_payload_kg"":80,""limiting_factor"":""rated_payload""},{""reserve_percent"":5,""safe_payload_kg"":80,""limiting_factor"":""rated_payload""},{""reserve_percent"":10,""safe_payload_kg"":78.22619259357452,""limiting_factor"":""energy_reserve""},{""reserve_percent"":15,""safe_payload_kg"":73.74640643596649,""limiting_factor"":""energy_reserve""},{""reserve_percent"":20,""safe_payload_kg"":68.1995415687561,""limiting_factor"":""energy_reserve""},{""reserve_percent"":25,""safe_payload_kg"":61.136136054992676,""limiting_factor"":""energy_reserve""},{""reserve_percent"":30,""safe_payload_kg"":51.78519666194916,""limiting_factor"":""energy_reserve""},{""reserve_percent"":35,""safe_payload_kg"":38.62098932266235,""limiting_factor"":""energy_reserve""},{""reserve_percent"":40,""safe_payload_kg"":17.27960705757141,""limiting_factor"":""energy_reserve""},{""reserve_percent"":45,""safe_payload_kg"":null,""limiting_factor"":""empty_roundtrip_infeasible""},{""reserve_percent"":50,""safe_payload_kg"":null,""limiting_factor"":""empty_roundtrip_infeasible""},{""reserve_percent"":60,""safe_payload_kg"":null,""limiting_factor"":""empty_roundtrip_infeasible""}]"
S004,A,25,27.406854795542333,35.69018418591347,"[{""reserve_percent"":0,""safe_payload_kg"":25,""limiting_factor"":""rated_payload""},{""reserve_percent"":5,""safe_payload_kg"":25,""limiting_factor"":""rated_payload""},{""reserve_percent"":10,""safe_payload_kg"":25,""limiting_factor"":""rated_payload""},{""reserve_percent"":15,""safe_payload_kg"":25,""limiting_factor"":""rated_payload""},{""reserve_percent"":20,""safe_payload_kg"":25,""limiting_factor"":""rated_payload""},{""reserve_percent"":25,""safe_payload_kg"":25,""limiting_factor"":""rated_payload""},{""reserve_percent"":30,""safe_payload_kg"":20.1714925467968,""limiting_factor"":""energy_reserve""},{""reserve_percent"":35,""safe_payload_kg"":5.073702335357666,""limiting_factor"":""energy_reserve""},{""reserve_percent"":40,""safe_payload_kg"":null,""limiting_factor"":""empty_roundtrip_infeasible""},{""reserve_percent"":45,""safe_payload_kg"":null,""limiting_factor"":""empty_roundtrip_infeasible""},{""reserve_percent"":50,""safe_payload_kg"":null,""limiting_factor"":""empty_roundtrip_infeasible""},{""reserve_percent"":60,""safe_payload_kg"":null,""limiting_factor"":""empty_roundtrip_infeasible""}]"
S004,B,30,20.755037686207956,42.18703797898967,"[{""reserve_percent"":0,""safe_payload_kg"":30,""limiting_factor"":""rated_payload""},{""reserve_percent"":5,""safe_payload_kg"":30,""limiting_factor"":""rated_payload""},{""reserve_percent"":10,""safe_payload_kg"":30,""limiting_factor"":""rated_payload""},{""reserve_percent"":15,""safe_payload_kg"":30,""limiting_factor"":""rated_payload""},{""reserve_percent"":20,""safe_payload_kg"":30,""limiting_factor"":""rated_payload""},{""reserve_percent"":25,""safe_payload_kg"":27.413001358509064,""limiting_factor"":""energy_reserve""},{""reserve_percent"":30,""safe_payload_kg"":23.44297617673874,""limiting_factor"":""energy_reserve""},{""reserve_percent"":35,""safe_payload_kg"":17.82777339220047,""limiting_factor"":""energy_reserve""},{""reserve_percent"":40,""safe_payload_kg"":8.66939127445221,""limiting_factor"":""energy_reserve""},{""reserve_percent"":45,""safe_payload_kg"":null,""limiting_factor"":""empty_roundtrip_infeasible""},{""reserve_percent"":50,""safe_payload_kg"":null,""limiting_factor"":""empty_roundtrip_infeasible""},{""reserve_percent"":60,""safe_payload_kg"":null,""limiting_factor"":""empty_roundtrip_infeasible""}]"
S004,C,80,3.559447017294748,39.200174189984,"[{""reserve_percent"":0,""safe_payload_kg"":80,""limiting_factor"":""rated_payload""},{""reserve_percent"":5,""safe_payload_kg"":78.95869493484497,""limiting_factor"":""energy_reserve""},{""reserve_percent"":10,""safe_payload_kg"":74.88516449928284,""limiting_factor"":""energy_reserve""},{""reserve_percent"":15,""safe_payload_kg"":69.91440713405609,""limiting_factor"":""energy_reserve""},{""reserve_percent"":20,""safe_payload_kg"":63.69825065135956,""limiting_factor"":""energy_reserve""},{""reserve_percent"":25,""safe_payload_kg"":55.66281259059906,""limiting_factor"":""energy_reserve""},{""reserve_percent"":30,""safe_payload_kg"":44.749258160591125,""limiting_factor"":""energy_reserve""},{""reserve_percent"":35,""safe_payload_kg"":28.49576473236084,""limiting_factor"":""energy_reserve""},{""reserve_percent"":40,""safe_payload_kg"":null,""limiting_factor"":""empty_roundtrip_infeasible""},{""reserve_percent"":45,""safe_payload_kg"":null,""limiting_factor"":""empty_roundtrip_infeasible""},{""reserve_percent"":50,""safe_payload_kg"":null,""limiting_factor"":""empty_roundtrip_infeasible""},{""reserve_percent"":60,""safe_payload_kg"":null,""limiting_factor"":""empty_roundtrip_infeasible""}]"
S005,A,25,50.11411085804238,55.81237572415614,"[{""reserve_percent"":0,""safe_payload_kg"":25,""limiting_factor"":""rated_payload""},{""reserve_percent"":5,""safe_payload_kg"":25,""limiting_factor"":""rated_payload""},{""reserve_percent"":10,""safe_payload_kg"":25,""limiting_factor"":""rated_payload""},{""reserve_percent"":15,""safe_payload_kg"":25,""limiting_factor"":""rated_payload""},{""reserve_percent"":20,""safe_payload_kg"":25,""limiting_factor"":""rated_payload""},{""reserve_percent"":25,""safe_payload_kg"":25,""limiting_factor"":""rated_payload""},{""reserve_percent"":30,""safe_payload_kg"":25,""limiting_factor"":""rated_payload""},{""reserve_percent"":35,""safe_payload_kg"":25,""limiting_factor"":""rated_payload""},{""reserve_percent"":40,""safe_payload_kg"":25,""limiting_factor"":""rated_payload""},{""reserve_percent"":45,""safe_payload_kg"":25,""limiting_factor"":""rated_payload""},{""reserve_percent"":50,""safe_payload_kg"":25,""limiting_factor"":""rated_payload""},{""reserve_percent"":60,""safe_payload_kg"":null,""limiting_factor"":""empty_roundtrip_infeasible""}]"
S005,B,30,45.54355997183202,60.251863017196484,"[{""reserve_percent"":0,""safe_payload_kg"":30,""limiting_factor"":""rated_payload""},{""reserve_percent"":5,""safe_payload_kg"":30,""limiting_factor"":""rated_payload""},{""reserve_percent"":10,""safe_payload_kg"":30,""limiting_factor"":""rated_payload""},{""reserve_percent"":15,""safe_payload_kg"":30,""limiting_factor"":""rated_payload""},{""reserve_percent"":20,""safe_payload_kg"":30,""limiting_factor"":""rated_payload""},{""reserve_percent"":25,""safe_payload_kg"":30,""limiting_factor"":""rated_payload""},{""reserve_percent"":30,""safe_payload_kg"":30,""limiting_factor"":""rated_payload""},{""reserve_percent"":35,""safe_payload_kg"":30,""limiting_factor"":""rated_payload""},{""reserve_percent"":40,""safe_payload_kg"":30,""limiting_factor"":""rated_payload""},{""reserve_percent"":45,""safe_payload_kg"":30,""limiting_factor"":""rated_payload""},{""reserve_percent"":50,""safe_payload_kg"":25.769942700862885,""limiting_factor"":""energy_reserve""},{""reserve_percent"":60,""safe_payload_kg"":2.560676336288452,""limiting_factor"":""energy_reserve""}]"
S005,C,80,33.84196481273808,58.28874375336663,"[{""reserve_percent"":0,""safe_payload_kg"":80,""limiting_factor"":""rated_payload""},{""reserve_percent"":5,""safe_payload_kg"":80,""limiting_factor"":""rated_payload""},{""reserve_percent"":10,""safe_payload_kg"":80,""limiting_factor"":""rated_payload""},{""reserve_percent"":15,""safe_payload_kg"":80,""limiting_factor"":""rated_payload""},{""reserve_percent"":20,""safe_payload_kg"":80,""limiting_factor"":""rated_payload""},{""reserve_percent"":25,""safe_payload_kg"":80,""limiting_factor"":""rated_payload""},{""reserve_percent"":30,""safe_payload_kg"":80,""limiting_factor"":""rated_payload""},{""reserve_percent"":35,""safe_payload_kg"":78.7723833322525,""limiting_factor"":""energy_reserve""},{""reserve_percent"":40,""safe_payload_kg"":72.48139321804047,""limiting_factor"":""energy_reserve""},{""reserve_percent"":45,""safe_payload_kg"":63.91346037387848,""limiting_factor"":""energy_reserve""},{""reserve_percent"":50,""safe_payload_kg"":51.43826365470886,""limiting_factor"":""energy_reserve""},{""reserve_percent"":60,""safe_payload_kg"":null,""limiting_factor"":""empty_roundtrip_infeasible""}]"
S006,A,25,69.11816443363475,72.805453000345,"[{""reserve_percent"":0,""safe_payload_kg"":25,""limiting_factor"":""rated_payload""},{""reserve_percent"":5,""safe_payload_kg"":25,""limiting_factor"":""rated_payload""},{""reserve_percent"":10,""safe_payload_kg"":25,""limiting_factor"":""rated_payload""},{""reserve_percent"":15,""safe_payload_kg"":25,""limiting_factor"":""rated_payload""},{""reserve_percent"":20,""safe_payload_kg"":25,""limiting_factor"":""rated_payload""},{""reserve_percent"":25,""safe_payload_kg"":25,""limiting_factor"":""rated_payload""},{""reserve_percent"":30,""safe_payload_kg"":25,""limiting_factor"":""rated_payload""},{""reserve_percent"":35,""safe_payload_kg"":25,""limiting_factor"":""rated_payload""},{""reserve_percent"":40,""safe_payload_kg"":25,""limiting_factor"":""rated_payload""},{""reserve_percent"":45,""safe_payload_kg"":25,""limiting_factor"":""rated_payload""},{""reserve_percent"":50,""safe_payload_kg"":25,""limiting_factor"":""rated_payload""},{""reserve_percent"":60,""safe_payload_kg"":25,""limiting_factor"":""rated_payload""}]"
S006,B,30,66.24943414681861,75.46036647285786,"[{""reserve_percent"":0,""safe_payload_kg"":30,""limiting_factor"":""rated_payload""},{""reserve_percent"":5,""safe_payload_kg"":30,""limiting_factor"":""rated_payload""},{""reserve_percent"":10,""safe_payload_kg"":30,""limiting_factor"":""rated_payload""},{""reserve_percent"":15,""safe_payload_kg"":30,""limiting_factor"":""rated_payload""},{""reserve_percent"":20,""safe_payload_kg"":30,""limiting_factor"":""rated_payload""},{""reserve_percent"":25,""safe_payload_kg"":30,""limiting_factor"":""rated_payload""},{""reserve_percent"":30,""safe_payload_kg"":30,""limiting_factor"":""rated_payload""},{""reserve_percent"":35,""safe_payload_kg"":30,""limiting_factor"":""rated_payload""},{""reserve_percent"":40,""safe_payload_kg"":30,""limiting_factor"":""rated_payload""},{""reserve_percent"":45,""safe_payload_kg"":30,""limiting_factor"":""rated_payload""},{""reserve_percent"":50,""safe_payload_kg"":30,""limiting_factor"":""rated_payload""},{""reserve_percent"":60,""safe_payload_kg"":30,""limiting_factor"":""rated_payload""}]"
S006,C,80,59.334102642995965,74.53311026118644,"[{""reserve_percent"":0,""safe_payload_kg"":80,""limiting_factor"":""rated_payload""},{""reserve_percent"":5,""safe_payload_kg"":80,""limiting_factor"":""rated_payload""},{""reserve_percent"":10,""safe_payload_kg"":80,""limiting_factor"":""rated_payload""},{""reserve_percent"":15,""safe_payload_kg"":80,""limiting_factor"":""rated_payload""},{""reserve_percent"":20,""safe_payload_kg"":80,""limiting_factor"":""rated_payload""},{""reserve_percent"":25,""safe_payload_kg"":80,""limiting_factor"":""rated_payload""},{""reserve_percent"":30,""safe_payload_kg"":80,""limiting_factor"":""rated_payload""},{""reserve_percent"":35,""safe_payload_kg"":80,""limiting_factor"":""rated_payload""},{""reserve_percent"":40,""safe_payload_kg"":80,""limiting_factor"":""rated_payload""},{""reserve_percent"":45,""safe_payload_kg"":80,""limiting_factor"":""rated_payload""},{""reserve_percent"":50,""safe_payload_kg"":80,""limiting_factor"":""rated_payload""},{""reserve_percent"":60,""safe_payload_kg"":78.84344220161438,""limiting_factor"":""energy_reserve""}]"
S007,A,25,55.15616686477751,60.49859011506131,"[{""reserve_percent"":0,""safe_payload_kg"":25,""limiting_factor"":""rated_payload""},{""reserve_percent"":5,""safe_payload_kg"":25,""limiting_factor"":""rated_payload""},{""reserve_percent"":10,""safe_payload_kg"":25,""limiting_factor"":""rated_payload""},{""reserve_percent"":15,""safe_payload_kg"":25,""limiting_factor"":""rated_payload""},{""reserve_percent"":20,""safe_payload_kg"":25,""limiting_factor"":""rated_payload""},{""reserve_percent"":25,""safe_payload_kg"":25,""limiting_factor"":""rated_payload""},{""reserve_percent"":30,""safe_payload_kg"":25,""limiting_factor"":""rated_payload""},{""reserve_percent"":35,""safe_payload_kg"":25,""limiting_factor"":""rated_payload""},{""reserve_percent"":40,""safe_payload_kg"":25,""limiting_factor"":""rated_payload""},{""reserve_percent"":45,""safe_payload_kg"":25,""limiting_factor"":""rated_payload""},{""reserve_percent"":50,""safe_payload_kg"":25,""limiting_factor"":""rated_payload""},{""reserve_percent"":60,""safe_payload_kg"":5.0498902797698975,""limiting_factor"":""energy_reserve""}]"
S007,B,30,51.00460951446675,64.24157684331632,"[{""reserve_percent"":0,""safe_payload_kg"":30,""limiting_factor"":""rated_payload""},{""reserve_percent"":5,""safe_payload_kg"":30,""limiting_factor"":""rated_payload""},{""reserve_percent"":10,""safe_payload_kg"":30,""limiting_factor"":""rated_payload""},{""reserve_percent"":15,""safe_payload_kg"":30,""limiting_factor"":""rated_payload""},{""reserve_percent"":20,""safe_payload_kg"":30,""limiting_factor"":""rated_payload""},{""reserve_percent"":25,""safe_payload_kg"":30,""limiting_factor"":""rated_payload""},{""reserve_percent"":30,""safe_payload_kg"":30,""limiting_factor"":""rated_payload""},{""reserve_percent"":35,""safe_payload_kg"":30,""limiting_factor"":""rated_payload""},{""reserve_percent"":40,""safe_payload_kg"":30,""limiting_factor"":""rated_payload""},{""reserve_percent"":45,""safe_payload_kg"":30,""limiting_factor"":""rated_payload""},{""reserve_percent"":50,""safe_payload_kg"":30,""limiting_factor"":""rated_payload""},{""reserve_percent"":60,""safe_payload_kg"":17.001226544380188,""limiting_factor"":""energy_reserve""}]"
S007,C,80,41.50487287058413,63.306834231139085,"[{""reserve_percent"":0,""safe_payload_kg"":80,""limiting_factor"":""rated_payload""},{""reserve_percent"":5,""safe_payload_kg"":80,""limiting_factor"":""rated_payload""},{""reserve_percent"":10,""safe_payload_kg"":80,""limiting_factor"":""rated_payload""},{""reserve_percent"":15,""safe_payload_kg"":80,""limiting_factor"":""rated_payload""},{""reserve_percent"":20,""safe_payload_kg"":80,""limiting_factor"":""rated_payload""},{""reserve_percent"":25,""safe_payload_kg"":80,""limiting_factor"":""rated_payload""},{""reserve_percent"":30,""safe_payload_kg"":80,""limiting_factor"":""rated_payload""},{""reserve_percent"":35,""safe_payload_kg"":80,""limiting_factor"":""rated_payload""},{""reserve_percent"":40,""safe_payload_kg"":80,""limiting_factor"":""rated_payload""},{""reserve_percent"":45,""safe_payload_kg"":75.39669394493103,""limiting_factor"":""energy_reserve""},{""reserve_percent"":50,""safe_payload_kg"":66.65425896644592,""limiting_factor"":""energy_reserve""},{""reserve_percent"":60,""safe_payload_kg"":31.848825216293335,""limiting_factor"":""energy_reserve""}]"
S008,A,25,24.729100897210763,33.3236181743511,"[{""reserve_percent"":0,""safe_payload_kg"":25,""limiting_factor"":""rated_payload""},{""reserve_percent"":5,""safe_payload_kg"":25,""limiting_factor"":""rated_payload""},{""reserve_percent"":10,""safe_payload_kg"":25,""limiting_factor"":""rated_payload""},{""reserve_percent"":15,""safe_payload_kg"":25,""limiting_factor"":""rated_payload""},{""reserve_percent"":20,""safe_payload_kg"":25,""limiting_factor"":""rated_payload""},{""reserve_percent"":25,""safe_payload_kg"":24.563053995370865,""limiting_factor"":""energy_reserve""},{""reserve_percent"":30,""safe_payload_kg"":14.213552325963974,""limiting_factor"":""energy_reserve""},{""reserve_percent"":35,""safe_payload_kg"":null,""limiting_factor"":""empty_roundtrip_infeasible""},{""reserve_percent"":40,""safe_payload_kg"":null,""limiting_factor"":""empty_roundtrip_infeasible""},{""reserve_percent"":45,""safe_payload_kg"":null,""limiting_factor"":""empty_roundtrip_infeasible""},{""reserve_percent"":50,""safe_payload_kg"":null,""limiting_factor"":""empty_roundtrip_infeasible""},{""reserve_percent"":60,""safe_payload_kg"":null,""limiting_factor"":""empty_roundtrip_infeasible""}]"
S008,B,30,17.821068753133652,40.15734238780637,"[{""reserve_percent"":0,""safe_payload_kg"":30,""limiting_factor"":""rated_payload""},{""reserve_percent"":5,""safe_payload_kg"":30,""limiting_factor"":""rated_payload""},{""reserve_percent"":10,""safe_payload_kg"":30,""limiting_factor"":""rated_payload""},{""reserve_percent"":15,""safe_payload_kg"":30,""limiting_factor"":""rated_payload""},{""reserve_percent"":20,""safe_payload_kg"":28.80136013031006,""limiting_factor"":""energy_reserve""},{""reserve_percent"":25,""safe_payload_kg"":25.480684340000153,""limiting_factor"":""energy_reserve""},{""reserve_percent"":30,""safe_payload_kg"":21.001091301441193,""limiting_factor"":""energy_reserve""},{""reserve_percent"":35,""safe_payload_kg"":14.44529414176941,""limiting_factor"":""energy_reserve""},{""reserve_percent"":40,""safe_payload_kg"":1.3978931307792664,""limiting_factor"":""energy_reserve""},{""reserve_percent"":45,""safe_payload_kg"":null,""limiting_factor"":""empty_roundtrip_infeasible""},{""reserve_percent"":50,""safe_payload_kg"":null,""limiting_factor"":""empty_roundtrip_infeasible""},{""reserve_percent"":60,""safe_payload_kg"":null,""limiting_factor"":""empty_roundtrip_infeasible""}]"
S008,C,80,-0.47498008429660565,36.705170887197845,"[{""reserve_percent"":0,""safe_payload_kg"":79.67744767665863,""limiting_factor"":""energy_reserve""},{""reserve_percent"":5,""safe_payload_kg"":75.93930304050446,""limiting_factor"":""energy_reserve""},{""reserve_percent"":10,""safe_payload_kg"":71.4380270242691,""limiting_factor"":""energy_reserve""},{""reserve_percent"":15,""safe_payload_kg"":65.90244710445404,""limiting_factor"":""energy_reserve""},{""reserve_percent"":20,""safe_payload_kg"":58.904165625572205,""limiting_factor"":""energy_reserve""},{""reserve_percent"":25,""safe_payload_kg"":49.70434486865997,""limiting_factor"":""energy_reserve""},{""reserve_percent"":30,""safe_payload_kg"":36.813374161720276,""limiting_factor"":""energy_reserve""},{""reserve_percent"":35,""safe_payload_kg"":15.681818127632141,""limiting_factor"":""energy_reserve""},{""reserve_percent"":40,""safe_payload_kg"":null,""limiting_factor"":""empty_roundtrip_infeasible""},{""reserve_percent"":45,""safe_payload_kg"":null,""limiting_factor"":""empty_roundtrip_infeasible""},{""reserve_percent"":50,""safe_payload_kg"":null,""limiting_factor"":""empty_roundtrip_infeasible""},{""reserve_percent"":60,""safe_payload_kg"":null,""limiting_factor"":""empty_roundtrip_infeasible""}]"
S009,A,25,46.95802637733637,53.01125594456828,"[{""reserve_percent"":0,""safe_payload_kg"":25,""limiting_factor"":""rated_payload""},{""reserve_percent"":5,""safe_payload_kg"":25,""limiting_factor"":""rated_payload""},{""reserve_percent"":10,""safe_payload_kg"":25,""limiting_factor"":""rated_payload""},{""reserve_percent"":15,""safe_payload_kg"":25,""limiting_factor"":""rated_payload""},{""reserve_percent"":20,""safe_payload_kg"":25,""limiting_factor"":""rated_payload""},{""reserve_percent"":25,""safe_payload_kg"":25,""limiting_factor"":""rated_payload""},{""reserve_percent"":30,""safe_payload_kg"":25,""limiting_factor"":""rated_payload""},{""reserve_percent"":35,""safe_payload_kg"":25,""limiting_factor"":""rated_payload""},{""reserve_percent"":40,""safe_payload_kg"":25,""limiting_factor"":""rated_payload""},{""reserve_percent"":45,""safe_payload_kg"":25,""limiting_factor"":""rated_payload""},{""reserve_percent"":50,""safe_payload_kg"":16.637302935123444,""limiting_factor"":""energy_reserve""},{""reserve_percent"":60,""safe_payload_kg"":null,""limiting_factor"":""empty_roundtrip_infeasible""}]"
S009,B,30,42.08964956100269,57.84141262727389,"[{""reserve_percent"":0,""safe_payload_kg"":30,""limiting_factor"":""rated_payload""},{""reserve_percent"":5,""safe_payload_kg"":30,""limiting_factor"":""rated_payload""},{""reserve_percent"":10,""safe_payload_kg"":30,""limiting_factor"":""rated_payload""},{""reserve_percent"":15,""safe_payload_kg"":30,""limiting_factor"":""rated_payload""},{""reserve_percent"":20,""safe_payload_kg"":30,""limiting_factor"":""rated_payload""},{""reserve_percent"":25,""safe_payload_kg"":30,""limiting_factor"":""rated_payload""},{""reserve_percent"":30,""safe_payload_kg"":30,""limiting_factor"":""rated_payload""},{""reserve_percent"":35,""safe_payload_kg"":30,""limiting_factor"":""rated_payload""},{""reserve_percent"":40,""safe_payload_kg"":30,""limiting_factor"":""rated_payload""},{""reserve_percent"":45,""safe_payload_kg"":27.615114748477936,""limiting_factor"":""energy_reserve""},{""reserve_percent"":50,""safe_payload_kg"":21.99093997478485,""limiting_factor"":""energy_reserve""},{""reserve_percent"":60,""safe_payload_kg"":null,""limiting_factor"":""empty_roundtrip_infeasible""}]"
S009,C,80,29.129841639780864,55.35682925068735,"[{""reserve_percent"":0,""safe_payload_kg"":80,""limiting_factor"":""rated_payload""},{""reserve_percent"":5,""safe_payload_kg"":80,""limiting_factor"":""rated_payload""},{""reserve_percent"":10,""safe_payload_kg"":80,""limiting_factor"":""rated_payload""},{""reserve_percent"":15,""safe_payload_kg"":80,""limiting_factor"":""rated_payload""},{""reserve_percent"":20,""safe_payload_kg"":80,""limiting_factor"":""rated_payload""},{""reserve_percent"":25,""safe_payload_kg"":80,""limiting_factor"":""rated_payload""},{""reserve_percent"":30,""safe_payload_kg"":79.15210485458374,""limiting_factor"":""energy_reserve""},{""reserve_percent"":35,""safe_payload_kg"":73.490149974823,""limiting_factor"":""energy_reserve""},{""reserve_percent"":40,""safe_payload_kg"":65.99483489990234,""limiting_factor"":""energy_reserve""},{""reserve_percent"":45,""safe_payload_kg"":55.527599453926086,""limiting_factor"":""energy_reserve""},{""reserve_percent"":50,""safe_payload_kg"":39.52642261981964,""limiting_factor"":""energy_reserve""},{""reserve_percent"":60,""safe_payload_kg"":null,""limiting_factor"":""empty_roundtrip_infeasible""}]"
S010,A,25,53.98378304403022,59.41571102836094,"[{""reserve_percent"":0,""safe_payload_kg"":25,""limiting_factor"":""rated_payload""},{""reserve_percent"":5,""safe_payload_kg"":25,""limiting_factor"":""rated_payload""},{""reserve_percent"":10,""safe_payload_kg"":25,""limiting_factor"":""rated_payload""},{""reserve_percent"":15,""safe_payload_kg"":25,""limiting_factor"":""rated_payload""},{""reserve_percent"":20,""safe_payload_kg"":25,""limiting_factor"":""rated_payload""},{""reserve_percent"":25,""safe_payload_kg"":25,""limiting_factor"":""rated_payload""},{""reserve_percent"":30,""safe_payload_kg"":25,""limiting_factor"":""rated_payload""},{""reserve_percent"":35,""safe_payload_kg"":25,""limiting_factor"":""rated_payload""},{""reserve_percent"":40,""safe_payload_kg"":25,""limiting_factor"":""rated_payload""},{""reserve_percent"":45,""safe_payload_kg"":25,""limiting_factor"":""rated_payload""},{""reserve_percent"":50,""safe_payload_kg"":25,""limiting_factor"":""rated_payload""},{""reserve_percent"":60,""safe_payload_kg"":null,""limiting_factor"":""empty_roundtrip_infeasible""}]"
S010,B,30,49.723989691136374,63.41387431401636,"[{""reserve_percent"":0,""safe_payload_kg"":30,""limiting_factor"":""rated_payload""},{""reserve_percent"":5,""safe_payload_kg"":30,""limiting_factor"":""rated_payload""},{""reserve_percent"":10,""safe_payload_kg"":30,""limiting_factor"":""rated_payload""},{""reserve_percent"":15,""safe_payload_kg"":30,""limiting_factor"":""rated_payload""},{""reserve_percent"":20,""safe_payload_kg"":30,""limiting_factor"":""rated_payload""},{""reserve_percent"":25,""safe_payload_kg"":30,""limiting_factor"":""rated_payload""},{""reserve_percent"":30,""safe_payload_kg"":30,""limiting_factor"":""rated_payload""},{""reserve_percent"":35,""safe_payload_kg"":30,""limiting_factor"":""rated_payload""},{""reserve_percent"":40,""safe_payload_kg"":30,""limiting_factor"":""rated_payload""},{""reserve_percent"":45,""safe_payload_kg"":30,""limiting_factor"":""rated_payload""},{""reserve_percent"":50,""safe_payload_kg"":29.757502377033234,""limiting_factor"":""energy_reserve""},{""reserve_percent"":60,""safe_payload_kg"":14.806789755821228,""limiting_factor"":""energy_reserve""}]"
S010,C,80,39.26428841731292,61.89903797516555,"[{""reserve_percent"":0,""safe_payload_kg"":80,""limiting_factor"":""rated_payload""},{""reserve_percent"":5,""safe_payload_kg"":80,""limiting_factor"":""rated_payload""},{""reserve_percent"":10,""safe_payload_kg"":80,""limiting_factor"":""rated_payload""},{""reserve_percent"":15,""safe_payload_kg"":80,""limiting_factor"":""rated_payload""},{""reserve_percent"":20,""safe_payload_kg"":80,""limiting_factor"":""rated_payload""},{""reserve_percent"":25,""safe_payload_kg"":80,""limiting_factor"":""rated_payload""},{""reserve_percent"":30,""safe_payload_kg"":80,""limiting_factor"":""rated_payload""},{""reserve_percent"":35,""safe_payload_kg"":80,""limiting_factor"":""rated_payload""},{""reserve_percent"":40,""safe_payload_kg"":79.15306448936462,""limiting_factor"":""energy_reserve""},{""reserve_percent"":45,""safe_payload_kg"":72.30558156967163,""limiting_factor"":""energy_reserve""},{""reserve_percent"":50,""safe_payload_kg"":62.72213399410248,""limiting_factor"":""energy_reserve""},{""reserve_percent"":60,""safe_payload_kg"":22.226489782333374,""limiting_factor"":""energy_reserve""}]"
S011,A,25,72.89786415854222,76.05837972585877,"[{""reserve_percent"":0,""safe_payload_kg"":25,""limiting_factor"":""rated_payload""},{""reserve_percent"":5,""safe_payload_kg"":25,""limiting_factor"":""rated_payload""},{""reserve_percent"":10,""safe_payload_kg"":25,""limiting_factor"":""rated_payload""},{""reserve_percent"":15,""safe_payload_kg"":25,""limiting_factor"":""rated_payload""},{""reserve_percent"":20,""safe_payload_kg"":25,""limiting_factor"":""rated_payload""},{""reserve_percent"":25,""safe_payload_kg"":25,""limiting_factor"":""rated_payload""},{""reserve_percent"":30,""safe_payload_kg"":25,""limiting_factor"":""rated_payload""},{""reserve_percent"":35,""safe_payload_kg"":25,""limiting_factor"":""rated_payload""},{""reserve_percent"":40,""safe_payload_kg"":25,""limiting_factor"":""rated_payload""},{""reserve_percent"":45,""safe_payload_kg"":25,""limiting_factor"":""rated_payload""},{""reserve_percent"":50,""safe_payload_kg"":25,""limiting_factor"":""rated_payload""},{""reserve_percent"":60,""safe_payload_kg"":25,""limiting_factor"":""rated_payload""}]"
S011,B,30,70.40193492918618,78.39940089292902,"[{""reserve_percent"":0,""safe_payload_kg"":30,""limiting_factor"":""rated_payload""},{""reserve_percent"":5,""safe_payload_kg"":30,""limiting_factor"":""rated_payload""},{""reserve_percent"":10,""safe_payload_kg"":30,""limiting_factor"":""rated_payload""},{""reserve_percent"":15,""safe_payload_kg"":30,""limiting_factor"":""rated_payload""},{""reserve_percent"":20,""safe_payload_kg"":30,""limiting_factor"":""rated_payload""},{""reserve_percent"":25,""safe_payload_kg"":30,""limiting_factor"":""rated_payload""},{""reserve_percent"":30,""safe_payload_kg"":30,""limiting_factor"":""rated_payload""},{""reserve_percent"":35,""safe_payload_kg"":30,""limiting_factor"":""rated_payload""},{""reserve_percent"":40,""safe_payload_kg"":30,""limiting_factor"":""rated_payload""},{""reserve_percent"":45,""safe_payload_kg"":30,""limiting_factor"":""rated_payload""},{""reserve_percent"":50,""safe_payload_kg"":30,""limiting_factor"":""rated_payload""},{""reserve_percent"":60,""safe_payload_kg"":30,""limiting_factor"":""rated_payload""}]"
S011,C,80,64.33487161380465,77.56968558411732,"[{""reserve_percent"":0,""safe_payload_kg"":80,""limiting_factor"":""rated_payload""},{""reserve_percent"":5,""safe_payload_kg"":80,""limiting_factor"":""rated_payload""},{""reserve_percent"":10,""safe_payload_kg"":80,""limiting_factor"":""rated_payload""},{""reserve_percent"":15,""safe_payload_kg"":80,""limiting_factor"":""rated_payload""},{""reserve_percent"":20,""safe_payload_kg"":80,""limiting_factor"":""rated_payload""},{""reserve_percent"":25,""safe_payload_kg"":80,""limiting_factor"":""rated_payload""},{""reserve_percent"":30,""safe_payload_kg"":80,""limiting_factor"":""rated_payload""},{""reserve_percent"":35,""safe_payload_kg"":80,""limiting_factor"":""rated_payload""},{""reserve_percent"":40,""safe_payload_kg"":80,""limiting_factor"":""rated_payload""},{""reserve_percent"":45,""safe_payload_kg"":80,""limiting_factor"":""rated_payload""},{""reserve_percent"":50,""safe_payload_kg"":80,""limiting_factor"":""rated_payload""},{""reserve_percent"":60,""safe_payload_kg"":80,""limiting_factor"":""rated_payload""}]"
S012,A,25,30.412876553039325,38.404322999070615,"[{""reserve_percent"":0,""safe_payload_kg"":25,""limiting_factor"":""rated_payload""},{""reserve_percent"":5,""safe_payload_kg"":25,""limiting_factor"":""rated_payload""},{""reserve_percent"":10,""safe_payload_kg"":25,""limiting_factor"":""rated_payload""},{""reserve_percent"":15,""safe_payload_kg"":25,""limiting_factor"":""rated_payload""},{""reserve_percent"":20,""safe_payload_kg"":25,""limiting_factor"":""rated_payload""},{""reserve_percent"":25,""safe_payload_kg"":25,""limiting_factor"":""rated_payload""},{""reserve_percent"":30,""safe_payload_kg"":25,""limiting_factor"":""rated_payload""},{""reserve_percent"":35,""safe_payload_kg"":15.040323138237,""limiting_factor"":""energy_reserve""},{""reserve_percent"":40,""safe_payload_kg"":null,""limiting_factor"":""empty_roundtrip_infeasible""},{""reserve_percent"":45,""safe_payload_kg"":null,""limiting_factor"":""empty_roundtrip_infeasible""},{""reserve_percent"":50,""safe_payload_kg"":null,""limiting_factor"":""empty_roundtrip_infeasible""},{""reserve_percent"":60,""safe_payload_kg"":null,""limiting_factor"":""empty_roundtrip_infeasible""}]"
S012,B,30,24.021361555099396,44.62947190172637,"[{""reserve_percent"":0,""safe_payload_kg"":30,""limiting_factor"":""rated_payload""},{""reserve_percent"":5,""safe_payload_kg"":30,""limiting_factor"":""rated_payload""},{""reserve_percent"":10,""safe_payload_kg"":30,""limiting_factor"":""rated_payload""},{""reserve_percent"":15,""safe_payload_kg"":30,""limiting_factor"":""rated_payload""},{""reserve_percent"":20,""safe_payload_kg"":30,""limiting_factor"":""rated_payload""},{""reserve_percent"":25,""safe_payload_kg"":29.429398477077484,""limiting_factor"":""energy_reserve""},{""reserve_percent"":30,""safe_payload_kg"":25.980312824249268,""limiting_factor"":""energy_reserve""},{""reserve_percent"":35,""safe_payload_kg"":21.24633640050888,""limiting_factor"":""energy_reserve""},{""reserve_percent"":40,""safe_payload_kg"":14.135173559188843,""limiting_factor"":""energy_reserve""},{""reserve_percent"":45,""safe_payload_kg"":null,""limiting_factor"":""empty_roundtrip_infeasible""},{""reserve_percent"":50,""safe_payload_kg"":null,""limiting_factor"":""empty_roundtrip_infeasible""},{""reserve_percent"":60,""safe_payload_kg"":null,""limiting_factor"":""empty_roundtrip_infeasible""}]"
S012,C,80,7.513696310507056,41.75962014494316,"[{""reserve_percent"":0,""safe_payload_kg"":80,""limiting_factor"":""rated_payload""},{""reserve_percent"":5,""safe_payload_kg"":80,""limiting_factor"":""rated_payload""},{""reserve_percent"":10,""safe_payload_kg"":78.08637082576752,""limiting_factor"":""energy_reserve""},{""reserve_percent"":15,""safe_payload_kg"":73.62891912460327,""limiting_factor"":""energy_reserve""},{""reserve_percent"":20,""safe_payload_kg"":68.1097400188446,""limiting_factor"":""energy_reserve""},{""reserve_percent"":25,""safe_payload_kg"":61.076470613479614,""limiting_factor"":""energy_reserve""},{""reserve_percent"":30,""safe_payload_kg"":51.74450397491455,""limiting_factor"":""energy_reserve""},{""reserve_percent"":35,""safe_payload_kg"":38.52992236614227,""limiting_factor"":""energy_reserve""},{""reserve_percent"":40,""safe_payload_kg"":16.669130325317383,""limiting_factor"":""energy_reserve""},{""reserve_percent"":45,""safe_payload_kg"":null,""limiting_factor"":""empty_roundtrip_infeasible""},{""reserve_percent"":50,""safe_payload_kg"":null,""limiting_factor"":""empty_roundtrip_infeasible""},{""reserve_percent"":60,""safe_payload_kg"":null,""limiting_factor"":""empty_roundtrip_infeasible""}]"
S013,A,25,53.90633119997956,59.32649717547449,"[{""reserve_percent"":0,""safe_payload_kg"":25,""limiting_factor"":""rated_payload""},{""reserve_percent"":5,""safe_payload_kg"":25,""limiting_factor"":""rated_payload""},{""reserve_percent"":10,""safe_payload_kg"":25,""limiting_factor"":""rated_payload""},{""reserve_percent"":15,""safe_payload_kg"":25,""limiting_factor"":""rated_payload""},{""reserve_percent"":20,""safe_payload_kg"":25,""limiting_factor"":""rated_payload""},{""reserve_percent"":25,""safe_payload_kg"":25,""limiting_factor"":""rated_payload""},{""reserve_percent"":30,""safe_payload_kg"":25,""limiting_factor"":""rated_payload""},{""reserve_percent"":35,""safe_payload_kg"":25,""limiting_factor"":""rated_payload""},{""reserve_percent"":40,""safe_payload_kg"":25,""limiting_factor"":""rated_payload""},{""reserve_percent"":45,""safe_payload_kg"":25,""limiting_factor"":""rated_payload""},{""reserve_percent"":50,""safe_payload_kg"":25,""limiting_factor"":""rated_payload""},{""reserve_percent"":60,""safe_payload_kg"":null,""limiting_factor"":""empty_roundtrip_infeasible""}]"
S013,B,30,49.63925894908444,63.39943912276027,"[{""reserve_percent"":0,""safe_payload_kg"":30,""limiting_factor"":""rated_payload""},{""reserve_percent"":5,""safe_payload_kg"":30,""limiting_factor"":""rated_payload""},{""reserve_percent"":10,""safe_payload_kg"":30,""limiting_factor"":""rated_payload""},{""reserve_percent"":15,""safe_payload_kg"":30,""limiting_factor"":""rated_payload""},{""reserve_percent"":20,""safe_payload_kg"":30,""limiting_factor"":""rated_payload""},{""reserve_percent"":25,""safe_payload_kg"":30,""limiting_factor"":""rated_payload""},{""reserve_percent"":30,""safe_payload_kg"":30,""limiting_factor"":""rated_payload""},{""reserve_percent"":35,""safe_payload_kg"":30,""limiting_factor"":""rated_payload""},{""reserve_percent"":40,""safe_payload_kg"":30,""limiting_factor"":""rated_payload""},{""reserve_percent"":45,""safe_payload_kg"":30,""limiting_factor"":""rated_payload""},{""reserve_percent"":50,""safe_payload_kg"":29.685247242450714,""limiting_factor"":""energy_reserve""},{""reserve_percent"":60,""safe_payload_kg"":14.796892404556274,""limiting_factor"":""energy_reserve""}]"
S013,C,80,38.85357461324812,61.64144932700343,"[{""reserve_percent"":0,""safe_payload_kg"":80,""limiting_factor"":""rated_payload""},{""reserve_percent"":5,""safe_payload_kg"":80,""limiting_factor"":""rated_payload""},{""reserve_percent"":10,""safe_payload_kg"":80,""limiting_factor"":""rated_payload""},{""reserve_percent"":15,""safe_payload_kg"":80,""limiting_factor"":""rated_payload""},{""reserve_percent"":20,""safe_payload_kg"":80,""limiting_factor"":""rated_payload""},{""reserve_percent"":25,""safe_payload_kg"":80,""limiting_factor"":""rated_payload""},{""reserve_percent"":30,""safe_payload_kg"":80,""limiting_factor"":""rated_payload""},{""reserve_percent"":35,""safe_payload_kg"":80,""limiting_factor"":""rated_payload""},{""reserve_percent"":40,""safe_payload_kg"":78.68015766143799,""limiting_factor"":""energy_reserve""},{""reserve_percent"":45,""safe_payload_kg"":71.74977898597717,""limiting_factor"":""energy_reserve""},{""reserve_percent"":50,""safe_payload_kg"":62.03270614147186,""limiting_factor"":""energy_reserve""},{""reserve_percent"":60,""safe_payload_kg"":20.3175288438797,""limiting_factor"":""energy_reserve""}]"
S014,A,25,46.09806154469891,52.49340195226717,"[{""reserve_percent"":0,""safe_payload_kg"":25,""limiting_factor"":""rated_payload""},{""reserve_percent"":5,""safe_payload_kg"":25,""limiting_factor"":""rated_payload""},{""reserve_percent"":10,""safe_payload_kg"":25,""limiting_factor"":""rated_payload""},{""reserve_percent"":15,""safe_payload_kg"":25,""limiting_factor"":""rated_payload""},{""reserve_percent"":20,""safe_payload_kg"":25,""limiting_factor"":""rated_payload""},{""reserve_percent"":25,""safe_payload_kg"":25,""limiting_factor"":""rated_payload""},{""reserve_percent"":30,""safe_payload_kg"":25,""limiting_factor"":""rated_payload""},{""reserve_percent"":35,""safe_payload_kg"":25,""limiting_factor"":""rated_payload""},{""reserve_percent"":40,""safe_payload_kg"":25,""limiting_factor"":""rated_payload""},{""reserve_percent"":45,""safe_payload_kg"":25,""limiting_factor"":""rated_payload""},{""reserve_percent"":50,""safe_payload_kg"":13.866068422794342,""limiting_factor"":""energy_reserve""},{""reserve_percent"":60,""safe_payload_kg"":null,""limiting_factor"":""empty_roundtrip_infeasible""}]"
S014,B,30,41.11948655492576,56.95343718935123,"[{""reserve_percent"":0,""safe_payload_kg"":30,""limiting_factor"":""rated_payload""},{""reserve_percent"":5,""safe_payload_kg"":30,""limiting_factor"":""rated_payload""},{""reserve_percent"":10,""safe_payload_kg"":30,""limiting_factor"":""rated_payload""},{""reserve_percent"":15,""safe_payload_kg"":30,""limiting_factor"":""rated_payload""},{""reserve_percent"":20,""safe_payload_kg"":30,""limiting_factor"":""rated_payload""},{""reserve_percent"":25,""safe_payload_kg"":30,""limiting_factor"":""rated_payload""},{""reserve_percent"":30,""safe_payload_kg"":30,""limiting_factor"":""rated_payload""},{""reserve_percent"":35,""safe_payload_kg"":30,""limiting_factor"":""rated_payload""},{""reserve_percent"":40,""safe_payload_kg"":30,""limiting_factor"":""rated_payload""},{""reserve_percent"":45,""safe_payload_kg"":26.60064071416855,""limiting_factor"":""energy_reserve""},{""reserve_percent"":50,""safe_payload_kg"":20.29710352420807,""limiting_factor"":""energy_reserve""},{""reserve_percent"":60,""safe_payload_kg"":null,""limiting_factor"":""empty_roundtrip_infeasible""}]"
S014,C,80,29.905166738900412,55.980046247751346,"[{""reserve_percent"":0,""safe_payload_kg"":80,""limiting_factor"":""rated_payload""},{""reserve_percent"":5,""safe_payload_kg"":80,""limiting_factor"":""rated_payload""},{""reserve_percent"":10,""safe_payload_kg"":80,""limiting_factor"":""rated_payload""},{""reserve_percent"":15,""safe_payload_kg"":80,""limiting_factor"":""rated_payload""},{""reserve_percent"":20,""safe_payload_kg"":80,""limiting_factor"":""rated_payload""},{""reserve_percent"":25,""safe_payload_kg"":80,""limiting_factor"":""rated_payload""},{""reserve_percent"":30,""safe_payload_kg"":79.90587890148163,""limiting_factor"":""energy_reserve""},{""reserve_percent"":35,""safe_payload_kg"":74.2444097995758,""limiting_factor"":""energy_reserve""},{""reserve_percent"":40,""safe_payload_kg"":66.7605721950531,""limiting_factor"":""energy_reserve""},{""reserve_percent"":45,""safe_payload_kg"":56.373342871665955,""limiting_factor"":""energy_reserve""},{""reserve_percent"":50,""safe_payload_kg"":40.796456933021545,""limiting_factor"":""energy_reserve""},{""reserve_percent"":60,""safe_payload_kg"":null,""limiting_factor"":""empty_roundtrip_infeasible""}]"
S015,A,25,41.79234960819343,48.73556913919235,"[{""reserve_percent"":0,""safe_payload_kg"":25,""limiting_factor"":""rated_payload""},{""reserve_percent"":5,""safe_payload_kg"":25,""limiting_factor"":""rated_payload""},{""reserve_percent"":10,""safe_payload_kg"":25,""limiting_factor"":""rated_payload""},{""reserve_percent"":15,""safe_payload_kg"":25,""limiting_factor"":""rated_payload""},{""reserve_percent"":20,""safe_payload_kg"":25,""limiting_factor"":""rated_payload""},{""reserve_percent"":25,""safe_payload_kg"":25,""limiting_factor"":""rated_payload""},{""reserve_percent"":30,""safe_payload_kg"":25,""limiting_factor"":""rated_payload""},{""reserve_percent"":35,""safe_payload_kg"":25,""limiting_factor"":""rated_payload""},{""reserve_percent"":40,""safe_payload_kg"":25,""limiting_factor"":""rated_payload""},{""reserve_percent"":45,""safe_payload_kg"":17.188909649848938,""limiting_factor"":""energy_reserve""},{""reserve_percent"":50,""safe_payload_kg"":null,""limiting_factor"":""empty_roundtrip_infeasible""},{""reserve_percent"":60,""safe_payload_kg"":null,""limiting_factor"":""empty_roundtrip_infeasible""}]"
S015,B,30,36.38680183551828,53.744550130602505,"[{""reserve_percent"":0,""safe_payload_kg"":30,""limiting_factor"":""rated_payload""},{""reserve_percent"":5,""safe_payload_kg"":30,""limiting_factor"":""rated_payload""},{""reserve_percent"":10,""safe_payload_kg"":30,""limiting_factor"":""rated_payload""},{""reserve_percent"":15,""safe_payload_kg"":30,""limiting_factor"":""rated_payload""},{""reserve_percent"":20,""safe_payload_kg"":30,""limiting_factor"":""rated_payload""},{""reserve_percent"":25,""safe_payload_kg"":30,""limiting_factor"":""rated_payload""},{""reserve_percent"":30,""safe_payload_kg"":30,""limiting_factor"":""rated_payload""},{""reserve_percent"":35,""safe_payload_kg"":30,""limiting_factor"":""rated_payload""},{""reserve_percent"":40,""safe_payload_kg"":27.19721406698227,""limiting_factor"":""energy_reserve""},{""reserve_percent"":45,""safe_payload_kg"":21.89254492521286,""limiting_factor"":""energy_reserve""},{""reserve_percent"":50,""safe_payload_kg"":13.473422527313232,""limiting_factor"":""energy_reserve""},{""reserve_percent"":60,""safe_payload_kg"":null,""limiting_factor"":""empty_roundtrip_infeasible""}]"
S015,C,80,23.334187278518737,51.98129937546291,"[{""reserve_percent"":0,""safe_payload_kg"":80,""limiting_factor"":""rated_payload""},{""reserve_percent"":5,""safe_payload_kg"":80,""limiting_factor"":""rated_payload""},{""reserve_percent"":10,""safe_payload_kg"":80,""limiting_factor"":""rated_payload""},{""reserve_percent"":15,""safe_payload_kg"":80,""limiting_factor"":""rated_payload""},{""reserve_percent"":20,""safe_payload_kg"":80,""limiting_factor"":""rated_payload""},{""reserve_percent"":25,""safe_payload_kg"":78.45135569572449,""limiting_factor"":""energy_reserve""},{""reserve_percent"":30,""safe_payload_kg"":73.00386071205139,""limiting_factor"":""energy_reserve""},{""reserve_percent"":35,""safe_payload_kg"":65.93490183353424,""limiting_factor"":""energy_reserve""},{""reserve_percent"":40,""safe_payload_kg"":56.35968863964081,""limiting_factor"":""energy_reserve""},{""reserve_percent"":45,""safe_payload_kg"":42.499417662620544,""limiting_factor"":""energy_reserve""},{""reserve_percent"":50,""safe_payload_kg"":19.304014444351196,""limiting_factor"":""energy_reserve""},{""reserve_percent"":60,""safe_payload_kg"":null,""limiting_factor"":""empty_roundtrip_infeasible""}]"
