sortie,segment,from,to,payload_kg,volume_m3,distance_m,cruise_altitude_m,climb_m,descent_m,start_s,end_s,flight_s,energy_kwh
Q2-001,1,O01,S012,25.0,0.067,7391.140162515387,413.3009948730469,285.6009948730469,133.50099487304686,390.0,1031.344,641.3434070745934,1.6638918316039737
Q2-001,2,S012,O01,0.0,0.0,7391.140162515387,413.3009948730469,133.50099487304686,285.6009948730469,1271.344,1922.828,651.4834070745934,1.0887081226859587
Q2-002,1,O01,S002,67.0,0.184,7411.533814153884,308.9542541503906,181.25425415039064,89.45425415039062,510.0,1121.332,611.3310830122772,3.976841085724875
Q2-002,2,S002,O01,0.0,0.0,7411.533814153884,308.9542541503906,89.45425415039062,181.25425415039064,1553.332,2173.844,620.5110830122771,2.3041291706893916
Q2-003,1,O01,S014,14.0,0.027,5419.5362999417475,591.9473876953125,464.2473876953125,240.9473876953125,330.0,1032.757,702.7561093050415,1.2122987404498995
Q2-003,2,S014,O01,0.0,0.0,5419.5362999417475,591.9473876953125,240.9473876953125,464.2473876953125,1212.757,1930.4,717.642775971708,1.0393290605975225
Q2-004,1,O01,S007,22.0,0.055,4534.717374921003,511.9731750488281,384.27317504882814,163.47317504882812,360.0,931.374,571.3734429458909,1.1114201286313874
Q2-004,2,S007,O01,0.0,0.0,4534.717374921003,511.9731750488281,163.47317504882812,384.27317504882814,1141.374,1727.468,586.093442945891,0.8595433770407502
Q2-005,1,O01,S010,25.0,0.067,4784.6745062617865,435.63653564453125,307.93653564453126,84.03653564453123,390.0,845.239,455.2384265567753,1.119025123192104
Q2-005,2,S010,O01,0.0,0.0,4784.6745062617865,435.63653564453125,84.03653564453123,307.93653564453126,1085.239,1555.405,470.165093223442,0.7041914410393101
Q2-006,1,O01,S014,11.0,0.04,5419.5362999417475,591.9473876953125,464.2473876953125,240.9473876953125,360.0,1062.757,702.7561093050415,1.1782621964558133
Q2-006,2,S014,O01,0.0,0.0,5419.5362999417475,591.9473876953125,240.9473876953125,464.2473876953125,1272.757,1990.4,717.642775971708,1.0393290605975225
Q2-007,1,O01,S007,9.0,0.047,4534.717374921003,511.9731750488281,384.27317504882814,163.47317504882812,360.0,931.374,571.3734429458909,0.9679589605578799
Q2-007,2,S007,O01,0.0,0.0,4534.717374921003,511.9731750488281,163.47317504882812,384.27317504882814,1141.374,1727.468,586.093442945891,0.8595433770407502
Q2-008,1,O01,S006,59.0,0.156,3186.19885235084,366.09783935546875,238.39783935546876,51.29783935546874,480.0,813.422,333.42131224331126,1.6040010968407112
Q2-008,2,S006,O01,0.0,0.0,3186.19885235084,366.09783935546875,51.29783935546874,238.39783935546876,1209.422,1561.554,352.1313122433112,0.9939351935979709
Q2-009,1,O01,S013,25.0,0.067,4849.536854548781,399.18182373046875,271.48182373046876,47.48182373046876,1945.405,2378.195,432.78912770559583,1.1203603423631132
Q2-009,2,S013,O01,0.0,0.0,4849.536854548781,399.18182373046875,47.48182373046876,271.48182373046876,2618.195,3065.918,447.72246103892917,0.7044678487176341
Q2-010,1,O01,S001,76.0,0.231,3054.0236075149764,273.0566101074219,145.3566101074219,89.05661010742188,2131.554,2437.827,306.27252293101145,1.954336457807204
Q2-010,2,S001,O01,0.0,0.0,3054.0236075149764,273.0566101074219,89.05661010742188,145.3566101074219,2941.827,3253.73,311.90252293101145,0.9632516377796227
Q2-011,1,O01,S007,14.0,0.027,4534.717374921003,511.9731750488281,384.27317504882814,163.47317504882812,2057.468,2628.842,571.3734429458909,1.013045038006399
Q2-011,2,S007,O01,0.0,0.0,4534.717374921003,511.9731750488281,163.47317504882812,384.27317504882814,2808.842,3394.936,586.093442945891,0.8595433770407502
Q2-012,1,O01,S002,14.0,0.027,7411.533814153884,308.9542541503906,181.25425415039064,89.45425415039062,2057.468,2771.296,713.8276042231101,1.5137219473142371
Q2-012,2,S002,O01,0.0,0.0,7411.533814153884,308.9542541503906,89.45425415039062,181.25425415039064,2951.296,3671.244,719.9476042231101,1.3577671588094566
Q2-013,1,O01,S005,25.0,0.067,5280.5933691157215,326.410888671875,198.710888671875,131.410888671875,2312.828,2783.669,470.84087630042313,1.1869488876888767
Q2-013,2,S005,S004,11.0,0.04,2608.294551451009,365.80657958984375,170.80657958984375,137.50657958984374,2963.669,3249.494,285.82446179595263,0.46091187367230546
Q2-013,3,S004,O01,0.0,0.0,7714.681646286507,398.2391662597656,169.9391662597656,270.53916625976564,3459.494,4138.669,679.1741650095953,1.1438893167415802
Q2-014,1,O01,S001,64.0,0.136,3054.0236075149764,273.0566101074219,145.3566101074219,89.05661010742188,2623.844,2930.117,306.27252293101145,1.6023297277546398
Q2-014,2,S001,O01,0.0,0.0,3054.0236075149764,273.0566101074219,89.05661010742188,145.3566101074219,3290.117,3602.02,311.90252293101145,0.9632516377796227
Q2-015,1,O01,S001,14.0,0.027,3054.0236075149764,273.0566101074219,145.3566101074219,89.05661010742188,3085.414,3423.991,338.5768147050241,0.6462087421466693
Q2-015,2,S001,O01,0.0,0.0,3054.0236075149764,273.0566101074219,89.05661010742188,145.3566101074219,3603.991,3946.322,342.33014803835744,0.5733100095323627
Q2-016,1,O01,S008,14.0,0.027,8079.110448788476,372.9093322753906,245.20933227539064,102.00933227539065,3126.858,3922.658,795.7993810676594,1.6652038133562126
Q2-016,2,S008,O01,0.0,0.0,8079.110448788476,372.9093322753906,102.00933227539065,245.20933227539064,4102.658,4908.005,805.3460477343261,1.4812560409999396
Q2-017,1,O01,S008,25.0,0.067,8079.110448788476,372.9093322753906,245.20933227539064,102.00933227539065,3455.918,4117.066,661.1475402545182,1.7959618045128665
Q2-017,2,S008,O01,0.0,0.0,8079.110448788476,372.9093322753906,102.00933227539065,245.20933227539064,4357.066,5027.761,670.6942069211849,1.1792450700293666
Q2-018,1,O01,S004,48.0,0.116,7714.681646286507,398.2391662597656,270.53916625976564,169.9391662597656,3673.73,4381.228,707.4973593862229,3.2867495678994447
Q2-018,2,S004,O01,0.0,0.0,7714.681646286507,398.2391662597656,169.9391662597656,270.53916625976564,4705.228,5422.786,717.5573593862229,2.4186906067831635
Q2-019,1,O01,S003,14.0,0.027,7263.826967765937,561.8041381835938,434.10413818359376,223.30413818359375,3724.936,4564.278,839.3419486484636,1.5650602464850354
Q2-019,2,S003,O01,0.0,0.0,7263.826967765937,561.8041381835938,223.30413818359375,434.10413818359376,4744.278,5597.674,853.3952819817969,1.3666287411076952
Q2-020,1,O01,S008,6.0,0.035,8079.110448788476,372.9093322753906,245.20933227539064,102.00933227539065,4001.244,4797.044,795.7993810676594,1.5597676345458449
Q2-020,2,S008,O01,0.0,0.0,8079.110448788476,372.9093322753906,102.00933227539065,245.20933227539064,4977.044,5782.391,805.3460477343261,1.4812560409999396
Q2-021,1,O01,S015,25.0,0.067,6009.764892220415,571.7992553710938,444.09925537109376,97.29925537109375,4528.669,5116.273,587.6037800868298,1.425062545459473
Q2-021,2,S015,O01,0.0,0.0,6009.764892220415,571.7992553710938,97.29925537109375,444.09925537109376,5356.273,5966.997,610.7237800868297,0.8824659602930425
Q2-022,1,O01,S003,67.0,0.184,7263.826967765937,561.8041381835938,434.10413818359376,223.30413818359375,5218.274,5987.823,769.5488555496302,4.030420307127749
Q2-022,2,S003,O01,0.0,0.0,7263.826967765937,561.8041381835938,223.30413818359375,434.10413818359376,6419.823,7210.452,790.6288555496302,2.294079083746617
Q2-023,1,O01,S009,25.0,0.067,5705.303446619009,293.2289123535156,165.52891235351564,63.228912353515625,5417.761,5878.583,460.8214321671787,1.2656726124570024
Q2-023,2,S009,O01,0.0,0.0,5705.303446619009,293.2289123535156,63.228912353515625,165.52891235351564,6118.583,6586.225,467.6414321671788,0.8305927892803324
Q2-024,1,O01,S011,70.0,0.196,2808.106412371872,295.36175537109375,167.66175537109376,83.26175537109376,5962.786,6258.689,295.90267399210916,1.6336568219585645
Q2-024,2,S011,S005,45.0,0.129,2802.7636017267305,347.5489196777344,135.44891967773438,152.54891967773438,6546.689,6863.994,317.304934491743,1.1747566013676287
Q2-024,3,S005,O01,0.0,0.0,5280.5933691157215,326.410888671875,131.410888671875,198.710888671875,7223.994,7727.954,503.9593577457356,1.659551112250462
