reserve,feasible,sorties,energy_kwh,operation_s,operation_h,A,B,C,infeasible_services
0.05,True,18,59.13226032599277,32776.5167822769,9.104587995076917,0,9,9,
0.1,True,18,59.13226032599277,32776.5167822769,9.104587995076917,0,9,9,
0.15,True,18,59.13226032599277,32776.5167822769,9.104587995076917,0,9,9,
0.2,True,18,59.13226032599277,32776.5167822769,9.104587995076917,0,9,9,
0.25,True,19,61.07431115757807,34566.15844562943,9.601710679341508,0,10,9,
0.3,True,20,67.2287315236232,36586.686323583126,10.162968423217535,0,9,11,
0.35,True,25,75.60892914897875,45384.20769711529,12.606724360309803,0,15,10,
0.4,False,,,,,,,,S004;S008
0.45,False,,,,,,,,S002;S003;S004;S008;S012
