question,sortie,drone,delivery_horizontal_kwh,delivery_climb_kwh,return_horizontal_kwh,return_climb_kwh,total_kwh
Q1,Q1-S001-01,C,1.9511870756376157,0.0813370914874311,0.9396995715430697,0.023552066236553013,2.9957758049046697
Q1,Q1-S001-02,C,1.874099259375722,0.08023719843148207,0.9396995715430697,0.023552066236553013,2.9175880955868267
Q1,Q1-S002-01,B,1.5709648966225414,0.06171864692583084,1.0587905448791264,0.02199885281448894,2.7134729412419873
Q1,Q1-S002-02,C,3.330889503834752,0.08633752942180115,2.28047194281658,0.023657227872811954,5.721356203945945
Q1,Q1-S003-01,B,1.5396566308188897,0.14781622731660207,1.0376895668237054,0.05491560927341013,2.7800780342326075
Q1,Q1-S003-02,C,3.264507133246551,0.2067784779906689,2.235023682389519,0.05905540135709797,5.7653646949838375
Q1,Q1-S004-01,C,3.6022318728088987,0.13193764958251986,2.373748198857387,0.04494240792577662,6.152860129174582
Q1,Q1-S005-01,C,2.4656781204611673,0.09690814073348461,1.6247979597279143,0.03475315252254769,4.222137373445114
Q1,Q1-S006-01,C,1.4877382613150387,0.1162628355256725,0.9803688776464122,0.013566315951558638,2.5979362904386822
Q1,Q1-S007-01,C,1.805424024851908,0.16704972914253033,1.3952976538218471,0.04323240062703398,3.4110038084433194
Q1,Q1-S008-01,C,3.2165665239344476,0.10659644023973265,2.4858801380887616,0.026977565703416796,5.836020667966359
Q1,Q1-S009-01,B,1.2093085809177107,0.0563640315392918,0.8150433495170013,0.015549439763331119,2.0962654017373348
Q1,Q1-S010-01,B,1.014170059744936,0.10485506344716815,0.6835249294659695,0.020666511573340565,1.8232165642314142
Q1,Q1-S011-01,B,0.5952123690500213,0.05709028310103947,0.40115805891026746,0.020475975333775414,1.0739366863951036
Q1,Q1-S012-01,B,1.5666422136743985,0.09724961792957518,1.0558771660736266,0.03283095661233207,2.7525999542899324
Q1,Q1-S013-01,B,1.0279184247698354,0.09244191759327783,0.6927909792212544,0.011676869496379666,1.8248281910807473
Q1,Q1-S014-01,B,1.148736752292894,0.1580802654354943,0.7742194714202496,0.059254488993150216,2.1402909781417883
Q1,Q1-S015-01,B,1.2738428939773572,0.15121965148211583,0.8585378417457736,0.023928118547268853,2.3075285057525154
Q2,Q2-001,A,0.6259812374123362,0.07576476481114423,0.5735157934231512,0.013585724128885616,1.2888475197755174
Q2,Q2-002,C,3.0416606173856238,0.08085142747283841,2.28047194281658,0.023657227872811954,5.426641215547854
Q2,Q2-003,A,0.9831786140919689,0.08936052034016857,0.8729166338187805,0.012575090226870408,1.9580308584777883
Q2,Q2-004,A,0.5703739936720804,0.042895829182012346,0.5497242493526958,0.023585760179666824,1.1865798323864554
Q2,Q2-005,B,1.732586869321695,0.12126383966287188,1.1541586355412108,0.02508643448815582,3.0330957790139337
Q2,Q2-006,B,0.5272005758868576,0.07125495738190944,0.45517126462154855,0.012615315262536645,1.0662421131528523
Q2,Q2-007,C,1.7708721448246276,0.07858735884755852,0.9396995715430697,0.023552066236553013,2.8127111414518087
Q2,Q2-008,A,1.0987383637264092,0.15281092325431117,0.9755165339895145,0.06381252660800792,2.290878347578243
Q2,Q2-009,B,0.6753536685137049,0.08117653372622595,0.45517126462154855,0.012615315262536645,1.2243167821240162
Q2,Q2-010,A,1.5660474072759298,0.15110103236808212,1.3074888541978689,0.0591398869098263,3.083777180751707
Q2,Q2-011,A,0.8684616658294052,0.0850491070182586,0.8612414111271215,0.022256243232828297,1.8370084272076137
Q2,Q2-012,C,4.1085974688409514,0.15868389658984827,1.7554779835750798,0.016721628299336082,6.039480977305216
Q2,Q2-013,C,1.7708721448246276,0.07858735884755852,0.9396995715430697,0.023552066236553013,2.8127111414518087
Q2,Q2-014,A,0.8531031850812925,0.11485577547658743,0.8162491274857806,0.04329424955496964,1.8275023375986301
Q2,Q2-015,A,0.9400281045971618,0.0978647258840236,0.8612414111271215,0.022256243232828297,1.9213904848411352
Q2,Q2-016,B,1.5709648966225414,0.06171864692583084,1.0587905448791264,0.02199885281448894,2.7134729412419873
Q2,Q2-017,B,1.0558271360367626,0.1352099635357295,0.6478167678458576,0.0402018031581861,1.8790556705765358
Q2,Q2-018,A,1.0908266430057667,0.12265593953549396,1.0817576805996747,0.02576874305090492,2.3210090061918405
Q2,Q2-019,A,1.5443899307555418,0.07514631557370186,1.4542398807819257,0.02701616021801396,3.1007922873291833
Q2,Q2-020,C,2.5735933693342465,0.09406570982648237,2.373748198857387,0.04494240792577662,5.086349685943892
Q2,Q2-021,A,0.9057067196149244,0.08011632858084078,0.8729166338187805,0.012575090226870408,1.871314772241416
Q2,Q2-022,B,0.7263944714176284,0.0850491070182586,0.6835249294659695,0.020666511573340565,1.515635019475197
Q2,Q2-023,B,1.1251961194602582,0.050060680284285015,1.0587905448791264,0.02199885281448894,2.2560461974381587
Q2,Q2-024,C,2.857749394806274,0.10941919891676785,2.373748198857387,0.04494240792577662,5.385859200506205
Q2,Q2-025,A,1.5872743009094106,0.07792951244680194,1.4542398807819257,0.02701616021801396,3.146459854356152
Q2,Q2-026,A,1.5660474072759298,0.15110103236808212,1.3074888541978689,0.0591398869098263,3.083777180751707
Q2,Q2-027,A,1.472643583370905,0.14288901973938198,1.3074888541978689,0.0591398869098263,2.982161344217982
Q2,Q2-028,B,1.3534223426249905,0.13960421468790196,1.0376895668237054,0.05491560927341013,2.585631733410008
Q2,Q2-029,C,4.300407775334521,0.316982699956627,1.6247979597279143,0.03475315252254769,6.27694158754161
Q2,Q2-030,B,0.6884467535405325,0.10613255202266941,0.6478167678458576,0.0402018031581861,1.4825978765672456
Q2,Q2-031,A,1.012160664260165,0.13700289671076174,0.9755165339895145,0.06381252660800792,2.1884926215684493
Q2,Q2-032,C,2.5136809019150355,0.07041488088943175,2.4858801380887616,0.026977565703416796,5.096953486596646
Q2,Q2-033,A,1.0374595323928184,0.06315193034610325,0.9505068064408299,0.03480287090956134,2.085921140089313
Q2,Q2-034,A,0.524446132354551,0.0494782453542342,0.505459154226937,0.022051050359450444,1.1014345822951725
Q2,Q2-035,B,0.47331464260338607,0.06403926549513382,0.45517126462154855,0.012615315262536645,1.0051404879826051
Q2,Q2-036,B,0.40666949545548525,0.043134880565229815,0.40115805891026746,0.020475975333775414,0.871438410264758
